game_title_id,effective_start_date,effective_end_date,version_id,game_title,release_date,contract_name,created_timestamp,created_by,updated_timestamp,updated_by
1,2022-07-01T00:00:00.000Z,2099-12-31T00:00:00.000Z,3,03-2021:Giraffe & Annika:Giraffe & Annika NSW,2020-08-25T00:00:00.000Z,Giraffe and Annika,2023-03-17T20:37:21.000Z,Retool Admin,2025-06-12T19:36:31.000Z,Retool Admin
2,2022-07-01T00:00:00.000Z,2099-12-31T00:00:00.000Z,0,03-2021:Giraffe & Annika:Giraffe & Annika PS4,2020-08-25T00:00:00.000Z,Giraffe and Annika,2023-03-17T20:37:22.000Z,Yosuke Akutsu,2023-03-21T01:45:57.000Z,Yuta Okazaki
268,2022-09-01T00:00:00.000Z,2099-12-31T00:00:00.000Z,1,03-2020:Neo Atlas 1469:Neo Atlas 1469 NSW,2019-04-09T00:00:00.000Z,Giraffe and Annika,2023-05-25T22:14:52.000Z,Nisa Retool,2023-05-25T22:15:47.000Z,Nisa Retool
3,2022-07-01T00:00:00.000Z,2099-12-31T00:00:00.000Z,0,03-2020:LA-MULANA 1 (Digital):LA-MULANA 1 NSW,2020-03-17T00:00:00.000Z,LA-MULANA 1&2,2023-03-17T20:37:22.000Z,Yosuke Akutsu,2023-03-21T01:45:57.000Z,Yuta Okazaki
4,2022-07-01T00:00:00.000Z,2099-12-31T00:00:00.000Z,0,03-2020:LA-MULANA 1 (Digital):LA-MULANA 1 PS4,2020-03-17T00:00:00.000Z,LA-MULANA 1&2,2023-03-17T20:37:22.000Z,Yosuke Akutsu,2023-03-21T01:45:57.000Z,Yuta Okazaki
5,2022-07-01T00:00:00.000Z,2099-12-31T00:00:00.000Z,0,03-2020:LA-MULANA 1 (Digital):LA-MULANA 1 XBOX,2020-03-17T00:00:00.000Z,LA-MULANA 1&2,2023-03-17T20:37:23.000Z,Yosuke Akutsu,2023-03-21T01:45:57.000Z,Yuta Okazaki
6,2022-07-01T00:00:00.000Z,2099-12-31T00:00:00.000Z,0,03-2020:LA-MULANA 2 (Digital):LA-MULANA 2 NSW,2020-03-17T00:00:00.000Z,LA-MULANA 1&2,2023-03-17T20:37:23.000Z,Yosuke Akutsu,2023-03-21T01:45:57.000Z,Yuta Okazaki
7,2022-07-01T00:00:00.000Z,2099-12-31T00:00:00.000Z,0,03-2020:LA-MULANA 2 (Digital):LA-MULANA 2 PS4,2020-03-17T00:00:00.000Z,LA-MULANA 1&2,2023-03-17T20:37:23.000Z,Yosuke Akutsu,2023-03-21T01:45:57.000Z,Yuta Okazaki
8,2022-07-01T00:00:00.000Z,2099-12-31T00:00:00.000Z,0,03-2020:LA-MULANA 2 (Digital):LA-MULANA 2 XBOX,2020-03-17T00:00:00.000Z,LA-MULANA 1&2,2023-03-17T20:37:23.000Z,Yosuke Akutsu,2023-03-21T01:45:57.000Z,Yuta Okazaki
9,2022-07-01T00:00:00.000Z,2099-12-31T00:00:00.000Z,0,03-2020:La-Mulana 1&2:La-Mulana 1&2 PS4,2020-03-17T00:00:00.000Z,LA-MULANA 1&2,2023-03-17T20:37:24.000Z,Yosuke Akutsu,2023-03-21T01:45:57.000Z,Yuta Okazaki
315,2023-06-01T00:00:00.000Z,2099-12-31T00:00:00.000Z,0,03-2020:La-Mulana 1&2:La-Mulana 1&2 NSW,2020-03-17T00:00:00.000Z,LA-MULANA 1&2,2023-07-09T00:03:59.000Z,Nisa Retool,2023-07-09T00:03:59.000Z,Nisa Retool
320,2023-06-30T00:00:00.000Z,2099-12-30T00:00:00.000Z,0,03-2020:La-Mulana 1&2:La-Mulana 1&2 XBOX,2023-06-30T00:00:00.000Z,LA-MULANA 1&2,2023-08-10T20:58:45.000Z,Nisa Retool,2023-08-10T20:58:45.000Z,Nisa Retool
10,2022-07-01T00:00:00.000Z,2099-12-31T00:00:00.000Z,0,03-2022:Silver Case 2425:Silver Case 2425 NSW,2021-07-06T00:00:00.000Z,Silver Case 2425,2023-03-17T20:37:24.000Z,Yosuke Akutsu,2023-03-21T01:45:57.000Z,Yuta Okazaki
381,2025-05-01T00:00:00.000Z,2099-12-31T00:00:00.000Z,0,03-2025:Atelier Yumia:Atelier Yumia NSW,2025-06-12T00:00:00.000Z,Silver Case 2425,2025-06-12T03:52:35.000Z,Retool Admin,2025-06-12T03:52:35.000Z,Retool Admin
11,2022-07-01T00:00:00.000Z,2099-12-31T00:00:00.000Z,0,03-2018:25th Ward:25th Ward PS4 PAL,2018-03-13T00:00:00.000Z,25th Ward,2023-03-17T20:37:25.000Z,Yosuke Akutsu,2023-03-21T01:45:57.000Z,Yuta Okazaki
12,2022-07-01T00:00:00.000Z,2099-12-31T00:00:00.000Z,0,03-2018:25th Ward:25th Ward STEAM,2018-03-13T00:00:00.000Z,25th Ward,2023-03-17T20:37:25.000Z,Yosuke Akutsu,2023-03-21T01:45:57.000Z,Yuta Okazaki
15,2022-07-01T00:00:00.000Z,2099-12-31T00:00:00.000Z,0,03-2020:Utawarerumono Zan:Utawarerumono Zan PS4,2019-09-10T00:00:00.000Z,Utawarerumono Zan,2023-03-17T20:37:26.000Z,Yosuke Akutsu,2023-03-21T01:45:57.000Z,Yuta Okazaki
17,2022-07-01T00:00:00.000Z,2099-12-31T00:00:00.000Z,0,Arcana Heart 3 PAL PS3,2014-11-21T00:00:00.000Z,Arcana Heart 3: Love Max,2023-03-17T20:37:26.000Z,Yosuke Akutsu,2023-03-21T01:45:57.000Z,Yuta Okazaki
18,2022-07-01T00:00:00.000Z,2099-12-31T00:00:00.000Z,0,Arcana Heart 3 PAL PSV,2014-11-21T00:00:00.000Z,Arcana Heart 3: Love Max,2023-03-17T20:37:26.000Z,Yosuke Akutsu,2023-03-21T01:45:57.000Z,Yuta Okazaki
382,2025-05-01T00:00:00.000Z,2099-12-31T00:00:00.000Z,0,Anime:Naginoasukara,2025-06-13T00:00:00.000Z,Arcana Heart 3: Love Max,2025-06-13T15:40:19.000Z,Akihiro Mizuno,2025-06-13T15:40:19.000Z,Akihiro Mizuno
19,2022-07-01T00:00:00.000Z,2099-12-31T00:00:00.000Z,0,03-2018:Birthdays the Beginning:Birthdays the Beginning PS4,2017-05-09T00:00:00.000Z,Birthdays The Beginning,2023-03-17T20:37:27.000Z,Yosuke Akutsu,2023-03-21T01:45:57.000Z,Yuta Okazaki
20,2022-07-01T00:00:00.000Z,2099-12-31T00:00:00.000Z,0,03-2018:Birthdays the Beginning:Birthdays STEAM,2017-05-09T00:00:00.000Z,Birthdays The Beginning,2023-03-17T20:37:27.000Z,Yosuke Akutsu,2023-03-21T01:45:57.000Z,Yuta Okazaki
21,2022-07-01T00:00:00.000Z,2099-12-31T00:00:00.000Z,0,TKO Twilight Ghst Hunters PS3,2014-03-13T00:00:00.000Z,TKO Twilight Ghost Hunters,2023-03-17T20:37:28.000Z,Yosuke Akutsu,2023-03-21T01:45:57.000Z,Yuta Okazaki
314,2023-05-01T00:00:00.000Z,2099-12-31T00:00:00.000Z,0,TKO Twilight Ghst Hunters PSV,2016-10-21T00:00:00.000Z,TKO Twilight Ghost Hunters,2023-06-30T21:12:33.000Z,Nisa Retool,2023-06-30T21:12:33.000Z,Nisa Retool
22,2022-07-01T00:00:00.000Z,2099-12-31T00:00:00.000Z,0,Under Night In Birth PS3 PAL,2015-02-27T00:00:00.000Z,Under Night In Birth,2023-03-17T20:37:28.000Z,Yosuke Akutsu,2023-03-21T01:45:57.000Z,Yuta Okazaki
87,2022-07-01T00:00:00.000Z,2099-12-31T00:00:00.000Z,0,03-2021:Little Town Hero:Little Town Hero NSW,2020-06-23T00:00:00.000Z,Little Town Hero,2023-03-17T20:37:35.000Z,Yosuke Akutsu,2023-03-21T01:45:57.000Z,Yuta Okazaki
119,2022-07-01T00:00:00.000Z,2099-12-31T00:00:00.000Z,0,03-2022:Yurukill:Yurukill NSW,2022-07-05T00:00:00.000Z,Yurukill,2023-03-17T20:37:42.000Z,Yosuke Akutsu,2023-03-21T01:45:57.000Z,Yuta Okazaki
120,2022-07-01T00:00:00.000Z,2099-12-31T00:00:00.000Z,0,03-2022:Yurukill:Yurukill PS4,2022-07-05T00:00:00.000Z,Yurukill,2023-03-17T20:37:43.000Z,Yosuke Akutsu,2023-03-21T01:45:57.000Z,Yuta Okazaki
121,2022-07-01T00:00:00.000Z,2099-12-31T00:00:00.000Z,0,03-2022:Yurukill:Yurukill PS5,2022-07-05T00:00:00.000Z,Yurukill,2023-03-17T20:37:43.000Z,Yosuke Akutsu,2023-03-21T01:45:57.000Z,Yuta Okazaki
126,2022-07-01T00:00:00.000Z,2099-12-31T00:00:00.000Z,0,03-2017:Psycho-Pass 2017:Psycho-Pass PS4 PAL,2016-09-13T00:00:00.000Z,Psycho-Pass,2023-03-17T20:37:44.000Z,Yosuke Akutsu,2023-03-21T01:45:57.000Z,Yuta Okazaki
127,2022-07-01T00:00:00.000Z,2099-12-31T00:00:00.000Z,0,03-2018:Psycho-Pass 2018:PSYCHO-Pass STEAM,2016-09-13T00:00:00.000Z,Psycho-Pass,2023-03-17T20:37:44.000Z,Yosuke Akutsu,2023-03-21T01:45:57.000Z,Yuta Okazaki
128,2022-07-01T00:00:00.000Z,2099-12-31T00:00:00.000Z,0,03-2017:Psycho-Pass 2017:Psycho-Pass PSV PAL,2016-09-13T00:00:00.000Z,Psycho-Pass,2023-03-17T20:37:44.000Z,Yosuke Akutsu,2023-03-21T01:45:57.000Z,Yuta Okazaki
232,2022-08-01T00:00:00.000Z,2099-12-31T00:00:00.000Z,0,03-2017:Psycho-Pass 2017:Psycho-Pass PS4,2012-10-12T00:00:00.000Z,Psycho-Pass,2023-05-11T16:54:08.000Z,Nisa Retool,2023-05-11T16:54:08.000Z,Nisa Retool
233,2022-08-01T00:00:00.000Z,2099-12-31T00:00:00.000Z,0,03-2017:Psycho-Pass 2017:Psycho-Pass PSV,2012-10-12T00:00:00.000Z,Psycho-Pass,2023-05-11T16:54:31.000Z,Nisa Retool,2023-05-11T16:54:31.000Z,Nisa Retool
174,2022-07-01T00:00:00.000Z,2099-12-31T00:00:00.000Z,0,03-2022:Labyrinth Legend:Labyrinth Legend NSW,2022-07-01T00:00:00.000Z,Labyrinth Legend,2023-03-17T20:37:57.000Z,Yosuke Akutsu,2023-03-21T01:45:57.000Z,Yuta Okazaki
175,2022-07-01T00:00:00.000Z,2099-12-31T00:00:00.000Z,0,03-2022:Shadow Corridor:Shadow Corridor NSW,2022-07-01T00:00:00.000Z,Shadow Corridor,2023-03-17T20:37:57.000Z,Yosuke Akutsu,2023-03-21T01:45:57.000Z,Yuta Okazaki
191,2022-07-01T00:00:00.000Z,2099-12-31T00:00:00.000Z,0,03-2019:SNK 40th Anniversary Collection:SNK 40th Anniversary NSW,2022-07-01T00:00:00.000Z,SNK 40th Anniversary Collection,2023-03-17T20:38:01.000Z,Yosuke Akutsu,2023-03-21T01:45:57.000Z,Yuta Okazaki
192,2022-07-01T00:00:00.000Z,2099-12-31T00:00:00.000Z,0,03-2019:SNK 40th Anniversary Collection:SNK 40th Anniversary PS4,2022-07-01T00:00:00.000Z,SNK 40th Anniversary Collection,2023-03-17T20:38:02.000Z,Yosuke Akutsu,2023-03-21T01:45:57.000Z,Yuta Okazaki
193,2022-07-01T00:00:00.000Z,2099-12-31T00:00:00.000Z,0,03-2019:SNK Heroines:SNK Heroines NSW PAL,2022-07-01T00:00:00.000Z,SNK Heroines Tag Team Frenzy,2023-03-17T20:38:02.000Z,Yosuke Akutsu,2023-03-21T01:45:57.000Z,Yuta Okazaki
194,2022-07-01T00:00:00.000Z,2099-12-31T00:00:00.000Z,0,03-2019:SNK Heroines:SNK Heroines NSW,2022-07-01T00:00:00.000Z,SNK Heroines Tag Team Frenzy,2023-03-17T20:38:02.000Z,Yosuke Akutsu,2023-03-21T01:45:57.000Z,Yuta Okazaki
195,2022-07-01T00:00:00.000Z,2099-12-31T00:00:00.000Z,0,03-2019:SNK Heroines:SNK Heroines PS4 PAL,2022-07-01T00:00:00.000Z,SNK Heroines Tag Team Frenzy,2023-03-17T20:38:02.000Z,Yosuke Akutsu,2023-03-21T01:45:57.000Z,Yuta Okazaki
248,2022-08-01T00:00:00.000Z,2099-12-31T00:00:00.000Z,0,03-2019:SNK Heroines:SNK Heroines PS4,2018-09-07T00:00:00.000Z,SNK Heroines Tag Team Frenzy,2023-05-11T17:52:10.000Z,Nisa Retool,2023-05-11T17:52:10.000Z,Nisa Retool
50,2022-07-01T00:00:00.000Z,2099-12-31T00:00:00.000Z,0,03-2022:Caligula Effect 2:Caligula Effect 2 NSW,2021-10-26T00:00:00.000Z,Caligula Effect 2,2023-03-17T20:38:04.000Z,Yosuke Akutsu,2023-03-21T01:45:57.000Z,Yuta Okazaki
52,2022-07-01T00:00:00.000Z,2099-12-31T00:00:00.000Z,0,03-2022:Caligula Effect 2:Caligula Effect 2 PS4,2021-10-26T00:00:00.000Z,Caligula Effect 2,2023-03-17T20:38:05.000Z,Yosuke Akutsu,2023-03-21T01:45:57.000Z,Yuta Okazaki
55,2022-07-01T00:00:00.000Z,2099-12-31T00:00:00.000Z,0,03-2023:Monark:Monark NSW,2022-02-22T00:00:00.000Z,Monark,2023-03-17T20:38:05.000Z,Yosuke Akutsu,2023-03-21T01:45:57.000Z,Yuta Okazaki
57,2022-07-01T00:00:00.000Z,2099-12-31T00:00:00.000Z,0,03-2023:Monark:Monark PS4,2022-02-22T00:00:00.000Z,Monark,2023-03-17T20:38:05.000Z,Yosuke Akutsu,2023-03-21T01:45:57.000Z,Yuta Okazaki
58,2022-07-01T00:00:00.000Z,2099-12-31T00:00:00.000Z,0,03-2023:Monark:Monark PS5,2022-02-22T00:00:00.000Z,Monark,2023-03-17T20:38:06.000Z,Yosuke Akutsu,2023-03-21T01:45:57.000Z,Yuta Okazaki
62,2022-07-01T00:00:00.000Z,2099-12-31T00:00:00.000Z,0,03-2023:Monark:Monark STEAM,2022-02-22T00:00:00.000Z,Monark,2023-03-17T20:38:06.000Z,Yosuke Akutsu,2023-03-21T01:45:57.000Z,Yuta Okazaki
65,2022-07-01T00:00:00.000Z,2099-12-31T00:00:00.000Z,0,03-2022:Crystar:Crystar NSW,2022-03-29T00:00:00.000Z,Crystar,2023-03-17T20:38:06.000Z,Yosuke Akutsu,2023-03-21T01:45:57.000Z,Yuta Okazaki
13,2022-07-01T00:00:00.000Z,2099-12-31T00:00:00.000Z,0,03-2018:The Silver Case,2017-04-18T00:00:00.000Z,Silver Case,2023-03-17T20:37:24.000Z,Yosuke Akutsu,2023-03-21T01:45:57.000Z,Yuta Okazaki
14,2022-07-01T00:00:00.000Z,2099-12-31T00:00:00.000Z,0,03-2021:Utawarerumono Prelude:Utawarerumono Prelude PS4,2019-09-10T00:00:00.000Z,Utawarerumono Prelude,2023-03-17T20:37:25.000Z,Yosuke Akutsu,2023-03-21T01:45:57.000Z,Yuta Okazaki
16,2022-07-01T00:00:00.000Z,2099-12-31T00:00:00.000Z,0,03-2021:Utawarerumono Prelude:Utawarerumono PTTF PSV DIGITAL,2020-05-26T00:00:00.000Z,Utawarerumono Prelude,2023-03-17T20:37:26.000Z,Yosuke Akutsu,2023-03-21T01:45:57.000Z,Yuta Okazaki
23,2022-07-01T00:00:00.000Z,2099-12-31T00:00:00.000Z,0,03-2019:Happy Birthdays:Happy Birthdays NSW,2018-06-05T00:00:00.000Z,Happy Birthdays,2023-03-17T20:37:27.000Z,Yosuke Akutsu,2023-03-21T01:45:57.000Z,Yuta Okazaki
24,2022-07-01T00:00:00.000Z,2099-12-31T00:00:00.000Z,0,03-2020:Langrisser I & II:Langrisser I & II NSW,2019-02-07T00:00:00.000Z,Langrisser I & II,2023-03-17T20:37:28.000Z,Yosuke Akutsu,2023-03-21T01:45:57.000Z,Yuta Okazaki
25,2022-07-01T00:00:00.000Z,2099-12-31T00:00:00.000Z,0,03-2020:Langrisser I & II:Langrisser I & II PS4,2019-02-07T00:00:00.000Z,Langrisser I & II,2023-03-17T20:37:29.000Z,Yosuke Akutsu,2023-03-21T01:45:57.000Z,Yuta Okazaki
26,2022-07-01T00:00:00.000Z,2099-12-31T00:00:00.000Z,0,03-2020:Langrisser I & II:Langrisser I & II STEAM,2019-02-07T00:00:00.000Z,Langrisser I & II,2023-03-17T20:37:29.000Z,Yosuke Akutsu,2023-03-21T01:45:57.000Z,Yuta Okazaki
330,2023-09-01T00:00:00.000Z,2099-12-31T00:00:00.000Z,0,03-2020 : Langrisser I & II : Langrisser I & II NSW,2020-03-13T00:00:00.000Z,Langrisser I & II,2023-10-11T18:17:06.000Z,Nisa Retool,2023-10-11T18:17:06.000Z,Nisa Retool
27,2022-07-01T00:00:00.000Z,2099-12-31T00:00:00.000Z,0,03-2020:Psikyo Shooting Stars ALPHA:Psikyo Shooting Stars ALPHA NSW,2020-01-21T00:00:00.000Z,Psikyo Shooting Stars A&B,2023-03-17T20:37:29.000Z,Yosuke Akutsu,2023-03-21T01:45:57.000Z,Yuta Okazaki
28,2022-07-01T00:00:00.000Z,2099-12-31T00:00:00.000Z,0,03-2020:Psikyo Shooting Stars BRAVO:Psikyo Shooting Stars BRAVO NSW,2020-02-18T00:00:00.000Z,Psikyo Shooting Stars A&B,2023-03-17T20:37:30.000Z,Yosuke Akutsu,2023-03-21T01:45:57.000Z,Yuta Okazaki
42,2022-07-01T00:00:00.000Z,2099-12-31T00:00:00.000Z,0,Steam titles:Assault Spy,2018-05-07T00:00:00.000Z,Assault Spy,2023-03-17T20:37:33.000Z,Yosuke Akutsu,2023-03-21T01:45:57.000Z,Yuta Okazaki
43,2022-07-01T00:00:00.000Z,2099-12-31T00:00:00.000Z,0,03-2017:Operation Abyss-NTL:Operation Abyss STEAM,2015-06-09T00:00:00.000Z,Operation Abyss,2023-03-17T20:37:33.000Z,Yosuke Akutsu,2023-03-21T01:45:57.000Z,Yuta Okazaki
44,2022-07-01T00:00:00.000Z,2099-12-31T00:00:00.000Z,0,03-2018:Operation Babel:Operation Babel STEAM,2017-05-16T00:00:00.000Z,Operation Babel,2023-03-17T20:37:34.000Z,Yosuke Akutsu,2023-03-21T01:45:57.000Z,Yuta Okazaki
224,2022-08-01T00:00:00.000Z,2099-12-31T00:00:00.000Z,0,03-2018:Operation Babel,2017-05-16T00:00:00.000Z,Operation Babel,2023-05-11T00:10:01.000Z,Nisa Retool,2023-05-11T00:10:01.000Z,Nisa Retool
45,2022-07-01T00:00:00.000Z,2099-12-31T00:00:00.000Z,0,03-2021:Sapphire Wings (SOSW),2021-03-16T00:00:00.000Z,Saviors of Sapphire Wings,2023-03-17T20:37:35.000Z,Yosuke Akutsu,2023-03-21T01:45:57.000Z,Yuta Okazaki
46,2022-07-01T00:00:00.000Z,2099-12-31T00:00:00.000Z,0,03-2021:Sapphire Wings (SOSW):SSW /Stranger of Sword City STM,2021-03-16T00:00:00.000Z,Saviors of Sapphire Wings,2023-03-17T20:37:35.000Z,Yosuke Akutsu,2023-03-21T01:45:57.000Z,Yuta Okazaki
47,2022-07-01T00:00:00.000Z,2099-12-31T00:00:00.000Z,0,03-2021:Sapphire Wings (SOSW):SSW /Stranger of Sword City MST,2021-03-16T00:00:00.000Z,Saviors of Sapphire Wings,2023-03-17T20:37:34.000Z,Yosuke Akutsu,2023-03-21T01:45:57.000Z,Yuta Okazaki
49,2022-07-01T00:00:00.000Z,2099-12-31T00:00:00.000Z,0,03-2021:Sapphire Wings (SOSW):SSW /Stranger of Sword City EPC,2021-03-16T00:00:00.000Z,Saviors of Sapphire Wings,2023-03-17T20:37:34.000Z,Yosuke Akutsu,2023-03-21T01:45:57.000Z,Yuta Okazaki
346,2023-12-01T00:00:00.000Z,2099-12-31T00:00:00.000Z,0,03-2021:Sapphire Wings (SOSW):SSW /Stranger of Sword City NSW,2021-03-19T00:00:00.000Z,Saviors of Sapphire Wings,2024-01-09T17:33:20.000Z,Nisa Retool,2024-01-09T17:33:20.000Z,Nisa Retool
71,2022-07-01T00:00:00.000Z,2099-12-31T00:00:00.000Z,0,03-2019:The Caligula Effect-Overdose:The Caligula Effect NSW,2019-03-12T00:00:00.000Z,Caligula Effect,2023-03-17T20:38:06.000Z,Yosuke Akutsu,2023-03-21T01:45:57.000Z,Yuta Okazaki
74,2022-07-01T00:00:00.000Z,2099-12-31T00:00:00.000Z,0,03-2019:The Caligula Effect-Overdose:The Caligula Effect PS4,2019-03-12T00:00:00.000Z,Caligula Effect,2023-03-17T20:38:07.000Z,Yosuke Akutsu,2023-03-21T01:45:57.000Z,Yuta Okazaki
79,2022-07-01T00:00:00.000Z,2099-12-31T00:00:00.000Z,0,03-2020:The Caligula Effect-Overdose:The Caligula Effect STEAM,2019-03-12T00:00:00.000Z,Caligula Effect,2023-03-17T20:38:07.000Z,Yosuke Akutsu,2023-03-21T01:45:57.000Z,Yuta Okazaki
29,2022-07-01T00:00:00.000Z,2099-12-31T00:00:00.000Z,0,Goods,2022-07-01T00:00:00.000Z,Goods,2023-03-17T20:37:30.000Z,Yosuke Akutsu,2023-03-21T01:45:57.000Z,Yuta Okazaki
81,2022-07-01T00:00:00.000Z,2099-12-31T00:00:00.000Z,0,03-2020:The Alliance Alive:The Alliance Alive NSW,2019-10-08T00:00:00.000Z,Alliance Alive,2023-03-17T20:38:07.000Z,Yosuke Akutsu,2023-03-21T01:45:57.000Z,Yuta Okazaki
83,2022-07-01T00:00:00.000Z,2099-12-31T00:00:00.000Z,0,03-2020:The Alliance Alive:The Alliance Alive PS4,2019-10-08T00:00:00.000Z,Alliance Alive,2023-03-17T20:38:08.000Z,Yosuke Akutsu,2023-03-21T01:45:57.000Z,Yuta Okazaki
86,2022-07-01T00:00:00.000Z,2099-12-31T00:00:00.000Z,0,03-2020:The Alliance Alive:The Alliance Alive STEAM,2019-10-08T00:00:00.000Z,Alliance Alive,2023-03-17T20:38:08.000Z,Yosuke Akutsu,2023-03-21T01:45:57.000Z,Yuta Okazaki
93,2022-07-01T00:00:00.000Z,2099-12-31T00:00:00.000Z,0,03-2020:Disaster Report 4:Disaster Report 4 EPIC,2020-04-07T00:00:00.000Z,Disaster Report 4,2023-03-17T20:37:37.000Z,Yosuke Akutsu,2023-03-21T01:45:57.000Z,Yuta Okazaki
98,2022-07-01T00:00:00.000Z,2099-12-31T00:00:00.000Z,0,03-2020:Disaster Report 4:Disaster Report 4 NSW,2020-04-07T00:00:00.000Z,Disaster Report 4,2023-03-17T20:37:37.000Z,Yosuke Akutsu,2023-03-21T01:45:57.000Z,Yuta Okazaki
100,2022-07-01T00:00:00.000Z,2099-12-31T00:00:00.000Z,0,03-2020:Disaster Report 4:Disaster Report 4 PS4,2020-04-07T00:00:00.000Z,Disaster Report 4,2023-03-17T20:37:37.000Z,Yosuke Akutsu,2023-03-21T01:45:57.000Z,Yuta Okazaki
104,2022-07-01T00:00:00.000Z,2099-12-31T00:00:00.000Z,0,03-2020:Disaster Report 4:Disaster Report 4 STEAM,2020-04-07T00:00:00.000Z,Disaster Report 4,2023-03-17T20:37:38.000Z,Yosuke Akutsu,2023-03-21T01:45:57.000Z,Yuta Okazaki
105,2022-07-01T00:00:00.000Z,2023-08-31T00:00:00.000Z,1,03-2021:R-Type Final 2:R-Type Final 2 EPIC,2021-04-30T00:00:00.000Z,R-Type Final 2,2023-03-17T20:37:38.000Z,Nisa Retool,2023-10-11T19:30:13.000Z,Nisa Retool
105,2023-09-01T00:00:00.000Z,2023-08-31T00:00:00.000Z,1,03-2021:R-Type Final 2:R-Type Final 2 EPIC,2021-04-30T00:00:00.000Z,R-Type Final 2,2023-10-11T19:30:13.000Z,Nisa Retool,2023-11-28T20:47:27.000Z,Nisa Retool
106,2022-07-01T00:00:00.000Z,2023-08-31T00:00:00.000Z,1,03-2021:R-Type Final 2:R-Type Final 2 NSW,2021-04-30T00:00:00.000Z,R-Type Final 2,2023-03-17T20:37:38.000Z,Yuta Okazaki,2023-12-02T03:05:37.000Z,Yuta Okazaki
107,2022-07-01T00:00:00.000Z,2023-08-31T00:00:00.000Z,1,03-2021:R-Type Final 2:R-Type Final 2 STEAM,2021-04-30T00:00:00.000Z,R-Type Final 2,2023-03-17T20:37:39.000Z,Nisa Retool,2023-12-04T22:26:10.000Z,Nisa Retool
108,2022-07-01T00:00:00.000Z,2023-08-31T00:00:00.000Z,1,03-2021:R-Type Final 2:R-Type Final 2 MST Game Pass,2021-04-30T00:00:00.000Z,R-Type Final 2,2023-03-17T20:37:38.000Z,Nisa Retool,2023-12-04T22:28:23.000Z,Nisa Retool
109,2022-07-01T00:00:00.000Z,2023-08-31T00:00:00.000Z,1,03-2021:R-Type Final 2:R-Type Final 2 PS4,2021-04-30T00:00:00.000Z,R-Type Final 2,2023-03-17T20:37:39.000Z,Nisa Retool,2023-12-04T22:29:08.000Z,Nisa Retool
110,2022-07-01T00:00:00.000Z,2023-08-31T00:00:00.000Z,1,03-2021:R-Type Final 2:R-Type Final 2 XB1,2021-04-30T00:00:00.000Z,R-Type Final 2,2023-03-17T20:37:39.000Z,Nisa Retool,2023-12-04T22:29:36.000Z,Nisa Retool
122,2022-07-01T00:00:00.000Z,2099-12-31T00:00:00.000Z,0,03-2022:World's End Club:World's End Club NSW,2021-05-28T00:00:00.000Z,World's End Club,2023-03-17T20:37:42.000Z,Yosuke Akutsu,2023-03-21T01:45:57.000Z,Yuta Okazaki
351,2024-03-01T00:00:00.000Z,2099-12-31T00:00:00.000Z,0,03-2022:World's End Club,2021-05-28T00:00:00.000Z,World's End Club,2024-04-06T01:22:33.000Z,Izumi Ebitsuka,2024-04-06T01:22:33.000Z,Izumi Ebitsuka
129,2022-07-01T00:00:00.000Z,2099-12-31T00:00:00.000Z,0,Akiba Trip 2,2014-10-10T00:00:00.000Z,Akiba's Trip 2,2023-03-17T20:37:44.000Z,Yosuke Akutsu,2023-03-21T01:45:57.000Z,Yuta Okazaki
130,2022-07-01T00:00:00.000Z,2099-12-31T00:00:00.000Z,0,Onechanbara Z2 on PS4 PAL,2015-08-28T00:00:00.000Z,Onechanbara Z2,2023-03-17T20:37:45.000Z,Yosuke Akutsu,2023-03-21T01:45:57.000Z,Yuta Okazaki
131,2022-07-01T00:00:00.000Z,2099-12-31T00:00:00.000Z,0,Trails of Cold Steel 2 PS3 PAL,2016-11-11T00:00:00.000Z,TOCS 2,2023-03-17T20:37:45.000Z,Yosuke Akutsu,2023-03-21T01:45:57.000Z,Yuta Okazaki
132,2022-07-01T00:00:00.000Z,2099-12-31T00:00:00.000Z,0,Trails of Cold Steel 2 PSV PAL,2016-11-11T00:00:00.000Z,TOCS 2,2023-03-17T20:37:46.000Z,Yosuke Akutsu,2023-03-21T01:45:57.000Z,Yuta Okazaki
133,2022-07-01T00:00:00.000Z,2099-12-31T00:00:00.000Z,0,Trails of Cold Steel PSV PAL,2016-01-29T00:00:00.000Z,TOCS,2023-03-17T20:37:45.000Z,Yosuke Akutsu,2023-03-21T01:45:57.000Z,Yuta Okazaki
254,2022-08-01T00:00:00.000Z,2099-12-31T00:00:00.000Z,0,Trails of Cold Steel PS3 PAL,2016-01-29T00:00:00.000Z,TOCS,2023-05-17T16:20:46.000Z,Nisa Retool,2023-05-17T16:20:46.000Z,Nisa Retool
134,2022-07-01T00:00:00.000Z,2099-12-31T00:00:00.000Z,0,Way of the Samurai 4 PS3 EU,2012-09-01T00:00:00.000Z,Way of The Samurai 4,2023-03-17T20:37:46.000Z,Yosuke Akutsu,2023-03-21T01:45:57.000Z,Yuta Okazaki
135,2022-07-01T00:00:00.000Z,2099-12-31T00:00:00.000Z,0,Ys Memories of Celceta PSV PAL,2014-02-21T00:00:00.000Z,YS Memories of Celceta,2023-03-17T20:37:46.000Z,Yosuke Akutsu,2023-03-21T01:45:57.000Z,Yuta Okazaki
136,2022-07-01T00:00:00.000Z,2099-12-31T00:00:00.000Z,0,Double Focus PS4 PAL,2017-03-21T00:00:00.000Z,Double Focus,2023-03-17T20:37:46.000Z,Yosuke Akutsu,2023-03-21T01:45:57.000Z,Yuta Okazaki
234,2022-08-01T00:00:00.000Z,2099-12-31T00:00:00.000Z,0,Double Focus PS4,2017-03-21T00:00:00.000Z,Double Focus,2023-05-11T16:55:33.000Z,Nisa Retool,2023-05-11T16:55:33.000Z,Nisa Retool
269,2022-09-01T00:00:00.000Z,2099-12-31T00:00:00.000Z,0,Double Focus PSV,2017-03-21T00:00:00.000Z,Double Focus,2023-05-25T22:16:32.000Z,Nisa Retool,2023-05-25T22:16:32.000Z,Nisa Retool
137,2022-07-01T00:00:00.000Z,2099-12-31T00:00:00.000Z,0,Genso Rondo PS4 PAL,2016-09-01T00:00:00.000Z,Touhou Genso Rondo: Bullet Ballet,2023-03-17T20:37:47.000Z,Yosuke Akutsu,2023-03-21T01:45:57.000Z,Yuta Okazaki
255,2022-08-01T00:00:00.000Z,2099-12-31T00:00:00.000Z,0,Genso Rondo PS4 US,2016-09-01T00:00:00.000Z,Touhou Genso Rondo: Bullet Ballet,2023-05-17T16:24:05.000Z,Nisa Retool,2023-05-17T16:24:05.000Z,Nisa Retool
138,2022-07-01T00:00:00.000Z,2099-12-31T00:00:00.000Z,0,03-2017:Genso Wanderer:Genso Wanderer PS4 PAL,2017-03-21T00:00:00.000Z,Touhou Genso Wanderer,2023-03-17T20:37:47.000Z,Yosuke Akutsu,2023-03-21T01:45:57.000Z,Yuta Okazaki
256,2022-08-01T00:00:00.000Z,2099-12-31T00:00:00.000Z,0,03-2017:Genso Wanderer:Genso Wanderer PS4 DIGITAL,2017-03-21T00:00:00.000Z,Touhou Genso Wanderer,2023-05-17T16:27:19.000Z,Nisa Retool,2023-05-17T16:27:19.000Z,Nisa Retool
257,2022-08-01T00:00:00.000Z,2099-12-31T00:00:00.000Z,0,03-2017:Genso Wanderer:Genso Wanderer PS4,2017-03-21T00:00:00.000Z,Touhou Genso Wanderer,2023-05-17T16:27:37.000Z,Nisa Retool,2023-05-17T16:27:37.000Z,Nisa Retool
258,2022-08-01T00:00:00.000Z,2099-12-31T00:00:00.000Z,0,03-2017:Genso Wanderer:Genso Wanderer PSV,2017-03-21T00:00:00.000Z,Touhou Genso Wanderer,2023-05-17T16:27:52.000Z,Nisa Retool,2023-05-17T16:27:52.000Z,Nisa Retool
139,2022-07-01T00:00:00.000Z,2099-12-31T00:00:00.000Z,0,03-2019:Touhou Genso Wanderer Reloaded:TGW Reloaded NSW,2018-07-17T00:00:00.000Z,Touhou Genso Wanderer Reloaded,2023-03-17T20:37:47.000Z,Yosuke Akutsu,2023-03-21T01:45:57.000Z,Yuta Okazaki
140,2022-07-01T00:00:00.000Z,2099-12-31T00:00:00.000Z,0,03-2019:Touhou Genso Wanderer Reloaded:TGW Reloaded PS4,2018-07-17T00:00:00.000Z,Touhou Genso Wanderer Reloaded,2023-03-17T20:37:48.000Z,Yosuke Akutsu,2023-03-21T01:45:57.000Z,Yuta Okazaki
164,2022-07-01T00:00:00.000Z,2099-12-31T00:00:00.000Z,0,03-2018:Culdcept Revolt:Culdcept 3DS PAL,2022-07-01T00:00:00.000Z,Culdcept Revolt,2023-03-17T20:37:55.000Z,Yosuke Akutsu,2023-03-21T01:45:57.000Z,Yuta Okazaki
165,2022-07-01T00:00:00.000Z,2099-12-31T00:00:00.000Z,0,03-2018:Culdcept Revolt:Culdcept 3DS,2022-07-01T00:00:00.000Z,Culdcept Revolt,2023-03-17T20:37:55.000Z,Yosuke Akutsu,2023-03-21T01:45:57.000Z,Yuta Okazaki
198,2022-07-01T00:00:00.000Z,2099-12-31T00:00:00.000Z,0,03-2019:Fallen Legion:Fallen Legion NSW,2022-07-01T00:00:00.000Z,Fallen Legion,2023-03-17T20:38:03.000Z,Yosuke Akutsu,2023-03-21T01:45:57.000Z,Yuta Okazaki
199,2022-07-01T00:00:00.000Z,2099-12-31T00:00:00.000Z,0,03-2021:Fallen Legion Revenants:Fallen Legion Revenants NSW,2022-07-01T00:00:00.000Z,Fallen Legion Revenants,2023-03-17T20:38:03.000Z,Yosuke Akutsu,2023-03-21T01:45:57.000Z,Yuta Okazaki
200,2022-07-01T00:00:00.000Z,2099-12-31T00:00:00.000Z,0,03-2021:Fallen Legion Revenants:Fallen Legion Revenants PS4,2022-07-01T00:00:00.000Z,Fallen Legion Revenants,2023-03-17T20:38:04.000Z,Yosuke Akutsu,2023-03-21T01:45:57.000Z,Yuta Okazaki
112,2022-07-01T00:00:00.000Z,2099-12-31T00:00:00.000Z,0,Mana Khemia:Mana Khemia 1 PSP,2008-03-31T00:00:00.000Z,Mana Khemia (US),2023-03-17T20:37:40.000Z,Yosuke Akutsu,2023-03-21T01:45:57.000Z,Yuta Okazaki
113,2022-07-01T00:00:00.000Z,2099-12-31T00:00:00.000Z,0,Mana Khemia:Mana Khemia 1 PSP-EU,2009-03-27T00:00:00.000Z,Mana Khemia (EU),2023-03-17T20:37:40.000Z,Yosuke Akutsu,2023-03-21T01:45:57.000Z,Yuta Okazaki
114,2022-07-01T00:00:00.000Z,2099-12-31T00:00:00.000Z,1,Mugen Souls:Mugen Souls PS3-EU,2012-02-24T00:00:00.000Z,Mugen Souls (EU),2023-03-17T20:37:41.000Z,Nisa Retool,2023-03-31T21:50:51.000Z,Nisa Retool
230,2022-08-01T00:00:00.000Z,2099-12-31T00:00:00.000Z,0,Mugen Souls:Mugen Souls PS3,2013-05-21T00:00:00.000Z,Mugen Souls (EU),2023-05-11T15:55:29.000Z,Nisa Retool,2023-05-11T15:55:29.000Z,Nisa Retool
123,2022-07-01T00:00:00.000Z,2099-12-31T00:00:00.000Z,0,03-2019:Metal Max Xeno:Metal Max Xeno PS4,2018-09-25T00:00:00.000Z,Metal Max Xeno,2023-03-17T20:37:43.000Z,Yosuke Akutsu,2023-03-21T01:45:57.000Z,Yuta Okazaki
0,2022-07-01T00:00:00.000Z,2099-12-31T00:00:00.000Z,2,Clan of Champions : Clan of Champions-STEAM,2012-10-30T00:00:00.000Z,Clan of Champions,2023-03-17T20:38:04.000Z,Nisa Retool,2023-10-12T19:02:46.000Z,Nisa Retool
212,2022-08-01T00:00:00.000Z,2099-12-31T00:00:00.000Z,2,Clan of Champions : Clan of Champions PS3,2011-11-23T00:00:00.000Z,Clan of Champions,2023-05-10T23:56:44.000Z,Nisa Retool,2023-10-12T19:03:00.000Z,Nisa Retool
213,2022-08-01T00:00:00.000Z,2099-12-31T00:00:00.000Z,0,Clan of Champions:Clan of Champions-TOMMO,2011-11-23T00:00:00.000Z,Clan of Champions,2023-05-10T23:57:18.000Z,Nisa Retool,2023-05-10T23:57:18.000Z,Nisa Retool
32,2022-07-01T00:00:00.000Z,2099-12-31T00:00:00.000Z,0,03-2018:Demon Gaze 2:Demon Gaze 2 PS4 PAL,2017-11-14T00:00:00.000Z,Demon Gaze 2,2023-03-17T20:37:30.000Z,Yosuke Akutsu,2023-03-21T01:45:57.000Z,Yuta Okazaki
218,2022-08-01T00:00:00.000Z,2099-12-31T00:00:00.000Z,0,03-2018:Demon Gaze 2:Demon Gaze 2 PS4,2017-11-17T00:00:00.000Z,Demon Gaze 2,2023-05-11T00:07:13.000Z,Nisa Retool,2023-05-11T00:07:13.000Z,Nisa Retool
219,2022-08-01T00:00:00.000Z,2099-12-31T00:00:00.000Z,0,03-2018:Demon Gaze 2:Demon Gaze 2 PSV PAL,2017-11-14T00:00:00.000Z,Demon Gaze 2,2023-05-11T00:07:37.000Z,Nisa Retool,2023-05-11T00:07:37.000Z,Nisa Retool
220,2022-08-01T00:00:00.000Z,2099-12-31T00:00:00.000Z,0,03-2018:Demon Gaze 2:Demon Gaze 2 PSV,2017-11-14T00:00:00.000Z,Demon Gaze 2,2023-05-11T00:07:54.000Z,Nisa Retool,2023-05-11T00:07:54.000Z,Nisa Retool
33,2022-07-01T00:00:00.000Z,2099-12-31T00:00:00.000Z,0,Demon Gaze PSV-PAL,2014-04-22T00:00:00.000Z,Demon Gaze,2023-03-17T20:37:30.000Z,Yosuke Akutsu,2023-03-21T01:45:57.000Z,Yuta Okazaki
217,2022-08-01T00:00:00.000Z,2099-12-31T00:00:00.000Z,0,Demon Gaze PSV,2014-04-22T00:00:00.000Z,Demon Gaze,2023-05-11T00:06:37.000Z,Nisa Retool,2023-05-11T00:06:37.000Z,Nisa Retool
34,2022-07-01T00:00:00.000Z,2099-12-31T00:00:00.000Z,0,03-2019:God Wars 2019:God Wars NSW,2018-09-04T00:00:00.000Z,God Wars (NSW),2023-03-17T20:37:31.000Z,Yosuke Akutsu,2023-03-21T01:45:57.000Z,Yuta Okazaki
35,2022-07-01T00:00:00.000Z,2099-12-31T00:00:00.000Z,0,03-2018:God Wars 2018:God Wars: Beyond Time,2017-06-20T00:00:00.000Z,God Wars (PS4 & PSV),2023-03-17T20:37:31.000Z,Yosuke Akutsu,2023-03-21T01:45:57.000Z,Yuta Okazaki
36,2022-07-01T00:00:00.000Z,2099-12-31T00:00:00.000Z,0,Natural Doctrine:Natural Doctrine PS3 & PS4,2014-09-30T00:00:00.000Z,Natural Doctrine,2023-03-17T20:37:31.000Z,Yosuke Akutsu,2023-03-21T01:45:57.000Z,Yuta Okazaki
37,2022-07-01T00:00:00.000Z,2099-12-31T00:00:00.000Z,0,Natural Doctrine:Natural Doctrine PS3 & PS4 PAL,2014-09-30T00:00:00.000Z,Natural Doctrine,2023-03-17T20:37:32.000Z,Yosuke Akutsu,2023-03-21T01:45:57.000Z,Yuta Okazaki
221,2022-08-01T00:00:00.000Z,2099-12-31T00:00:00.000Z,0,Natural Doctrine:Natural Doctrine PSV,2014-09-30T00:00:00.000Z,Natural Doctrine,2023-05-11T00:08:34.000Z,Nisa Retool,2023-05-11T00:08:34.000Z,Nisa Retool
38,2022-07-01T00:00:00.000Z,2099-12-31T00:00:00.000Z,0,03-2019:Lost Child:Lost Child NSW,2018-06-19T00:00:00.000Z,The Lost Child,2023-03-17T20:37:32.000Z,Yosuke Akutsu,2023-03-21T01:45:57.000Z,Yuta Okazaki
39,2022-07-01T00:00:00.000Z,2099-12-31T00:00:00.000Z,0,03-2019:Lost Child:Lost Child PS4 PAL,2018-06-19T00:00:00.000Z,The Lost Child,2023-03-17T20:37:32.000Z,Yosuke Akutsu,2023-03-21T01:45:57.000Z,Yuta Okazaki
40,2022-07-01T00:00:00.000Z,2099-12-31T00:00:00.000Z,0,03-2019:Lost Child:Lost Child PSV PAL,2018-06-19T00:00:00.000Z,The Lost Child,2023-03-17T20:37:33.000Z,Yosuke Akutsu,2023-03-21T01:45:57.000Z,Yuta Okazaki
222,2022-08-01T00:00:00.000Z,2099-12-31T00:00:00.000Z,0,03-2019:Lost Child:Lost Child PS4,2018-06-19T00:00:00.000Z,The Lost Child,2023-05-11T00:09:11.000Z,Nisa Retool,2023-05-11T00:09:11.000Z,Nisa Retool
223,2022-08-01T00:00:00.000Z,2099-12-31T00:00:00.000Z,0,03-2019:Lost Child:Lost Child PSV,2018-06-19T00:00:00.000Z,The Lost Child,2023-05-11T00:09:29.000Z,Nisa Retool,2023-05-11T00:09:29.000Z,Nisa Retool
301,2023-04-01T00:00:00.000Z,2099-12-31T00:00:00.000Z,0,"RODEA (3DS, WiiU,Wii)",2015-11-10T00:00:00.000Z,Rodea Sky Soldier,2023-06-12T19:37:47.000Z,Nisa Retool,2023-06-12T19:37:47.000Z,Nisa Retool
88,2022-07-01T00:00:00.000Z,2099-12-31T00:00:00.000Z,0,03-2018:RPG Maker Fes:RPG Maker Fes 3DS PAL,2017-06-27T00:00:00.000Z,RPG Maker FES,2023-03-17T20:37:35.000Z,Yosuke Akutsu,2023-03-21T01:45:57.000Z,Yuta Okazaki
89,2022-07-01T00:00:00.000Z,2099-12-31T00:00:00.000Z,0,03-2018:RPG Maker Fes:RPG Maker Fes 3DS,2017-06-27T00:00:00.000Z,RPG Maker FES,2023-03-17T20:37:36.000Z,Yosuke Akutsu,2023-03-21T01:45:57.000Z,Yuta Okazaki
90,2022-07-01T00:00:00.000Z,2099-12-31T00:00:00.000Z,0,03-2020:RPG Maker MV:RPG Maker MV NSW,2020-09-08T00:00:00.000Z,RPG Maker MV,2023-03-17T20:37:36.000Z,Yosuke Akutsu,2023-03-21T01:45:57.000Z,Yuta Okazaki
91,2022-07-01T00:00:00.000Z,2099-12-31T00:00:00.000Z,0,03-2020:RPG Maker MV:RPG Maker MV PS4,2020-09-08T00:00:00.000Z,RPG Maker MV,2023-03-17T20:37:36.000Z,Yosuke Akutsu,2023-03-21T01:45:57.000Z,Yuta Okazaki
115,2022-07-01T00:00:00.000Z,2099-12-31T00:00:00.000Z,0,Cross Edge:Cross Edge-DLC EU,2007-04-28T00:00:00.000Z,Cross Edge EU,2023-03-17T20:37:40.000Z,Yosuke Akutsu,2023-03-21T01:45:57.000Z,Yuta Okazaki
231,2022-08-01T00:00:00.000Z,2099-12-31T00:00:00.000Z,0,Cross Edge:Cross Edge-DLC US,2008-09-25T00:00:00.000Z,Cross Edge EU,2023-05-11T16:00:31.000Z,Nisa Retool,2023-05-11T16:00:31.000Z,Nisa Retool
116,2022-07-01T00:00:00.000Z,2099-12-31T00:00:00.000Z,0,Neptunia:Neptunia DLC for EU,2011-03-04T00:00:00.000Z,Neptunia EU,2023-03-17T20:37:41.000Z,Yosuke Akutsu,2023-03-21T01:45:57.000Z,Yuta Okazaki
117,2022-07-01T00:00:00.000Z,2099-12-31T00:00:00.000Z,0,Neptunia:Neptunia 2 DLC for EU,2012-02-24T00:00:00.000Z,Neptunia MK2 EU,2023-03-17T20:37:42.000Z,Yosuke Akutsu,2023-03-21T01:45:57.000Z,Yuta Okazaki
118,2022-07-01T00:00:00.000Z,2099-12-31T00:00:00.000Z,0,Neptunia:Neptunia2 PS3 for EU,2012-02-24T00:00:00.000Z,Neptunia MK2 EU,2023-03-17T20:37:42.000Z,Yosuke Akutsu,2023-03-21T01:45:57.000Z,Yuta Okazaki
141,2022-07-01T00:00:00.000Z,2099-12-31T00:00:00.000Z,0,03-2023:Legend of Nayuta:Legend of Nayuta STEAM,2021-12-10T00:00:00.000Z,Legend of Nayuta,2023-03-17T20:37:48.000Z,Yosuke Akutsu,2023-03-21T01:45:57.000Z,Yuta Okazaki
325,2023-08-01T00:00:00.000Z,2099-12-31T00:00:00.000Z,0,03-2023:Legend of Nayuta:Legend of Nayuta NSW,2023-09-19T00:00:00.000Z,Legend of Nayuta,2023-09-18T23:46:22.000Z,Nisa Retool,2023-09-18T23:46:22.000Z,Nisa Retool
326,2023-08-01T00:00:00.000Z,2099-12-31T00:00:00.000Z,0,03-2023:Legend of Nayuta:Legend of Nayuta PS4,2023-09-19T00:00:00.000Z,Legend of Nayuta,2023-09-18T23:46:38.000Z,Nisa Retool,2023-09-18T23:46:38.000Z,Nisa Retool
334,2023-09-01T00:00:00.000Z,2099-12-31T00:00:00.000Z,0,03-2023 : Legend of Nayuta : Legend of Nayuta NSW,2023-09-19T00:00:00.000Z,Legend of Nayuta,2023-10-11T18:24:50.000Z,Nisa Retool,2023-10-11T18:24:50.000Z,Nisa Retool
335,2023-09-01T00:00:00.000Z,2099-12-31T00:00:00.000Z,0,03-2023 : Legend of Nayuta : Legend of Nayuta PS4,2023-09-19T00:00:00.000Z,Legend of Nayuta,2023-10-11T18:25:06.000Z,Nisa Retool,2023-10-11T18:25:06.000Z,Nisa Retool
342,2023-10-01T00:00:00.000Z,2099-12-31T00:00:00.000Z,0,03-2023:Legend of Nayuta,2023-09-19T00:00:00.000Z,Legend of Nayuta,2023-11-08T22:09:27.000Z,Nisa Retool,2023-11-08T22:09:27.000Z,Nisa Retool
142,2022-07-01T00:00:00.000Z,2099-12-31T00:00:00.000Z,0,03-2020:Trails of Cold Steel 3:Trails of Cold Steel 3 EPIC,2019-10-22T00:00:00.000Z,Trails of Cold Steel 3,2023-03-17T20:37:48.000Z,Yosuke Akutsu,2023-03-21T01:45:57.000Z,Yuta Okazaki
143,2022-07-01T00:00:00.000Z,2099-12-31T00:00:00.000Z,0,03-2020:Trails of Cold Steel 3:Trails of Cold Steel 3 Stadia,2019-10-22T00:00:00.000Z,Trails of Cold Steel 3,2023-03-17T20:37:48.000Z,Yosuke Akutsu,2023-03-21T01:45:57.000Z,Yuta Okazaki
144,2022-07-01T00:00:00.000Z,2099-12-31T00:00:00.000Z,0,03-2020:Trails of Cold Steel 3:Trails of Cold Steel 3 NSW,2019-10-22T00:00:00.000Z,Trails of Cold Steel 3,2023-03-17T20:37:49.000Z,Yosuke Akutsu,2023-03-21T01:45:57.000Z,Yuta Okazaki
145,2022-07-01T00:00:00.000Z,2099-12-31T00:00:00.000Z,0,03-2020:Trails of Cold Steel 3:Trails of Cold Steel 3 PS4,2019-10-22T00:00:00.000Z,Trails of Cold Steel 3,2023-03-17T20:37:49.000Z,Yosuke Akutsu,2023-03-21T01:45:57.000Z,Yuta Okazaki
146,2022-07-01T00:00:00.000Z,2099-12-31T00:00:00.000Z,0,03-2020:Trails of Cold Steel 3:Trails of Cold Steel 3 STEAM,2019-10-22T00:00:00.000Z,Trails of Cold Steel 3,2023-03-17T20:37:49.000Z,Yosuke Akutsu,2023-03-21T01:45:57.000Z,Yuta Okazaki
147,2022-07-01T00:00:00.000Z,2099-12-31T00:00:00.000Z,1,03-2021:Trails of Cold Steel 4:Trails of Cold Steel 4 EPIC,2020-10-27T00:00:00.000Z,Trails of Cold Steel 4,2023-03-17T20:37:50.000Z,Nisa Retool,2023-03-28T17:43:57.000Z,Nisa Retool
148,2022-07-01T00:00:00.000Z,2099-12-31T00:00:00.000Z,0,03-2021:Trails of Cold Steel 4:Trails of Cold Steel 4 Stadia,2020-10-27T00:00:00.000Z,Trails of Cold Steel 4,2023-03-17T20:37:50.000Z,Yosuke Akutsu,2023-03-21T01:45:57.000Z,Yuta Okazaki
149,2022-07-01T00:00:00.000Z,2099-12-31T00:00:00.000Z,0,03-2021:Trails of Cold Steel 4:Trails of Cold Steel 4 NSW,2020-10-27T00:00:00.000Z,Trails of Cold Steel 4,2023-03-17T20:37:50.000Z,Yosuke Akutsu,2023-03-21T01:45:57.000Z,Yuta Okazaki
150,2022-07-01T00:00:00.000Z,2099-12-31T00:00:00.000Z,0,03-2021:Trails of Cold Steel 4:Trails of Cold Steel 4 PS4,2020-10-27T00:00:00.000Z,Trails of Cold Steel 4,2023-03-17T20:37:50.000Z,Yosuke Akutsu,2023-03-21T01:45:57.000Z,Yuta Okazaki
151,2022-07-01T00:00:00.000Z,2099-12-31T00:00:00.000Z,0,03-2021:Trails of Cold Steel 4:Trails of Cold Steel 4 STEAM,2020-10-27T00:00:00.000Z,Trails of Cold Steel 4,2023-03-17T20:37:51.000Z,Yosuke Akutsu,2023-03-21T01:45:57.000Z,Yuta Okazaki
259,2022-08-01T00:00:00.000Z,2099-12-31T00:00:00.000Z,0,03-2021:Trails of Cold Steel 4:Trails of Cold Steel 4 Solstice,2020-10-27T00:00:00.000Z,Trails of Cold Steel 4,2023-05-17T16:30:34.000Z,Nisa Retool,2023-05-17T16:30:34.000Z,Nisa Retool
152,2022-07-01T00:00:00.000Z,2099-12-31T00:00:00.000Z,1,03-2021:Ys IX:Ys IX Monstrum Nox EPIC,2021-02-02T00:00:00.000Z,Ys 9,2023-03-17T20:37:52.000Z,Nisa Retool,2023-03-28T17:45:18.000Z,Nisa Retool
153,2022-07-01T00:00:00.000Z,2099-12-31T00:00:00.000Z,0,03-2021:Ys IX:Ys IX Monstrum Nox Stadia,2021-02-02T00:00:00.000Z,Ys 9,2023-03-17T20:37:53.000Z,Yosuke Akutsu,2023-03-21T01:45:57.000Z,Yuta Okazaki
154,2022-07-01T00:00:00.000Z,2099-12-31T00:00:00.000Z,0,03-2021:Ys IX:Ys IX Monstrum Nox NSW,2021-02-02T00:00:00.000Z,Ys 9,2023-03-17T20:37:53.000Z,Yosuke Akutsu,2023-03-21T01:45:57.000Z,Yuta Okazaki
155,2022-07-01T00:00:00.000Z,2099-12-31T00:00:00.000Z,0,03-2021:Ys IX:Ys IX Monstrum Nox PS4,2021-02-02T00:00:00.000Z,Ys 9,2023-03-17T20:37:53.000Z,Yosuke Akutsu,2023-03-21T01:45:57.000Z,Yuta Okazaki
156,2022-07-01T00:00:00.000Z,2099-12-31T00:00:00.000Z,0,03-2021:Ys IX:Ys IX Monstrum Nox STEAM,2021-02-02T00:00:00.000Z,Ys 9,2023-03-17T20:37:54.000Z,Yosuke Akutsu,2023-03-21T01:45:57.000Z,Yuta Okazaki
237,2022-08-01T00:00:00.000Z,2099-12-31T00:00:00.000Z,0,03-2023:Ys IX Monstrum Nox:Ys IX Monstrum Nox Luna,2021-07-06T00:00:00.000Z,Ys 9,2023-05-11T17:40:23.000Z,Nisa Retool,2023-05-11T17:40:23.000Z,Nisa Retool
286,2022-11-01T00:00:00.000Z,2099-12-31T00:00:00.000Z,0,03-2023:Ys IX Monstrum Nox:Ys IX Monstrum Nox STEAM,2022-04-01T00:00:00.000Z,Ys 9,2023-05-31T17:08:49.000Z,Nisa Retool,2023-05-31T17:08:49.000Z,Nisa Retool
157,2022-07-01T00:00:00.000Z,2099-12-31T00:00:00.000Z,0,03-2019:Ys VIII Lacrimosa of Dana 2019:Ys VIII Lacrimosa of Dana Stadi,2017-09-12T00:00:00.000Z,Ys 8,2023-03-17T20:37:51.000Z,Yosuke Akutsu,2023-03-21T01:45:57.000Z,Yuta Okazaki
158,2022-07-01T00:00:00.000Z,2099-12-31T00:00:00.000Z,0,03-2018:Ys VIII-Lacrimosa of Dana:Ys VIII PS4 PAL,2017-09-12T00:00:00.000Z,Ys 8,2023-03-17T20:37:51.000Z,Yosuke Akutsu,2023-03-21T01:45:57.000Z,Yuta Okazaki
159,2022-07-01T00:00:00.000Z,2099-12-31T00:00:00.000Z,0,03-2018:Ys VIII-Lacrimosa of Dana:Ys VIII PS4,2017-09-12T00:00:00.000Z,Ys 8,2023-03-17T20:37:52.000Z,Yosuke Akutsu,2023-03-21T01:45:57.000Z,Yuta Okazaki
160,2022-07-01T00:00:00.000Z,2099-12-31T00:00:00.000Z,0,03-2018:Ys VIII-Lacrimosa of Dana:Ys VIII PSV PAL,2017-09-12T00:00:00.000Z,Ys 8,2023-03-17T20:37:52.000Z,Yosuke Akutsu,2023-03-21T01:45:57.000Z,Yuta Okazaki
161,2022-07-01T00:00:00.000Z,2099-12-31T00:00:00.000Z,0,03-2019:Ys VIII Lacrimosa of Dana 2019:Ys VIII Lacrimosa of Dana STEAM,2017-09-12T00:00:00.000Z,Ys 8,2023-03-17T20:37:52.000Z,Yosuke Akutsu,2023-03-21T01:45:57.000Z,Yuta Okazaki
236,2022-08-01T00:00:00.000Z,2099-12-31T00:00:00.000Z,0,03-2018:Ys VIII-Lacrimosa of Dana:Ys VIII PSV,2017-09-12T00:00:00.000Z,Ys 8,2023-05-11T17:33:38.000Z,Nisa Retool,2023-05-11T17:33:38.000Z,Nisa Retool
168,2022-07-01T00:00:00.000Z,2099-12-31T00:00:00.000Z,0,Fairy Fencer F PS3-PAL,2022-07-01T00:00:00.000Z,Fairy Fencer F EU,2023-03-17T20:37:55.000Z,Yosuke Akutsu,2023-03-21T01:45:57.000Z,Yuta Okazaki
170,2022-07-01T00:00:00.000Z,2099-12-31T00:00:00.000Z,0,Neptunia:Neptunia 3 PS3-EU,2022-07-01T00:00:00.000Z,Neptunia 3 EU,2023-03-17T20:37:56.000Z,Yosuke Akutsu,2023-03-21T01:45:57.000Z,Yuta Okazaki
172,2022-07-01T00:00:00.000Z,2099-12-31T00:00:00.000Z,1,Mugen Souls:Mugen Souls Z PS3 PAL US,2022-07-01T00:00:00.000Z,Mugen Souls Z US,2023-03-17T20:37:56.000Z,Yuta Okazaki,2023-04-01T00:26:15.000Z,Yuta Okazaki
244,2022-08-01T00:00:00.000Z,2099-12-31T00:00:00.000Z,0,Mugen Souls:Mugen Souls Z PS3,2014-05-23T00:00:00.000Z,Mugen Souls Z US,2023-05-11T17:46:06.000Z,Nisa Retool,2023-05-11T17:46:06.000Z,Nisa Retool
173,2022-07-01T00:00:00.000Z,2099-12-31T00:00:00.000Z,0,Black Rock Shooter-PSNE,2022-07-01T00:00:00.000Z,Black Rock Shooter-EU,2023-03-17T20:37:55.000Z,Yosuke Akutsu,2023-03-21T01:45:57.000Z,Yuta Okazaki
162,2022-07-01T00:00:00.000Z,2099-12-31T00:00:00.000Z,0,03-2018:Tokyo Tattoo Girls:Tokyo Tattoo Girls PSV PAL,2017-07-04T00:00:00.000Z,Tokyo Tattoo Girls,2023-03-17T20:37:54.000Z,Yosuke Akutsu,2023-03-21T01:45:57.000Z,Yuta Okazaki
163,2022-07-01T00:00:00.000Z,2099-12-31T00:00:00.000Z,0,03-2018:Tokyo Tattoo Girls:Tokyo Tattoo Girls STEAM,2022-07-01T00:00:00.000Z,Tokyo Tattoo Girls,2023-03-17T20:37:54.000Z,Yosuke Akutsu,2023-03-21T01:45:57.000Z,Yuta Okazaki
238,2022-08-01T00:00:00.000Z,2099-12-31T00:00:00.000Z,0,03-2018:Tokyo Tattoo Girls:Tokyo Tattoo Girls PSV,2016-09-30T00:00:00.000Z,Tokyo Tattoo Girls,2023-05-11T17:41:06.000Z,Nisa Retool,2023-05-11T17:41:06.000Z,Nisa Retool
176,2022-07-01T00:00:00.000Z,2099-12-31T00:00:00.000Z,0,My Lord!?:My Lord!? 2 PSP-EU,2022-07-01T00:00:00.000Z,My Lord 2 EU,2023-03-17T20:37:57.000Z,Yosuke Akutsu,2023-03-21T01:45:57.000Z,Yuta Okazaki
196,2022-07-01T00:00:00.000Z,2099-12-31T00:00:00.000Z,0,03-2019:Danganronpa Trilogy PS4,2022-07-01T00:00:00.000Z,Danganronpa Trilogy,2023-03-17T20:38:03.000Z,Yosuke Akutsu,2023-03-21T01:45:57.000Z,Yuta Okazaki
197,2022-07-01T00:00:00.000Z,2099-12-31T00:00:00.000Z,0,Grand Kingdom,2022-07-01T00:00:00.000Z,Grand Kingdom,2023-03-17T20:38:03.000Z,Yosuke Akutsu,2023-03-21T01:45:57.000Z,Yuta Okazaki
177,2022-07-01T00:00:00.000Z,2099-12-31T00:00:00.000Z,0,Etrian Mystery Dungeon 3DS PAL,2022-07-01T00:00:00.000Z,Etrian Mystery Dungeon,2023-03-17T20:37:58.000Z,Yosuke Akutsu,2023-03-21T01:45:57.000Z,Yuta Okazaki
178,2022-07-01T00:00:00.000Z,2099-12-31T00:00:00.000Z,0,Etrian Odyssey 4-PAL 3DS,2022-07-01T00:00:00.000Z,Etrian Odyssey 4,2023-03-17T20:37:58.000Z,Yosuke Akutsu,2023-03-21T01:45:57.000Z,Yuta Okazaki
179,2022-07-01T00:00:00.000Z,2099-12-31T00:00:00.000Z,0,"Etrian Odyssey ""Untold""-PAL 3DS",2022-07-01T00:00:00.000Z,Etrian Odyssey Untold,2023-03-17T20:37:59.000Z,Yosuke Akutsu,2023-03-21T01:45:57.000Z,Yuta Okazaki
180,2022-07-01T00:00:00.000Z,2099-12-31T00:00:00.000Z,0,Etrian Odyssey 2 Untold 3DS PAL,2022-07-01T00:00:00.000Z,Etrian Odyssey 2 Untold,2023-03-17T20:37:59.000Z,Yosuke Akutsu,2023-03-21T01:45:57.000Z,Yuta Okazaki
181,2022-07-01T00:00:00.000Z,2099-12-31T00:00:00.000Z,0,Legend of Legacy 3DS PAL,2022-07-01T00:00:00.000Z,Legend of Legacy,2023-03-17T20:37:59.000Z,Yosuke Akutsu,2023-03-21T01:45:57.000Z,Yuta Okazaki
182,2022-07-01T00:00:00.000Z,2099-12-31T00:00:00.000Z,0,Persona 4 Dancing All Night PSV,2022-07-01T00:00:00.000Z,Persona 4 Dancing All Night,2023-03-17T20:38:00.000Z,Yosuke Akutsu,2023-03-21T01:45:57.000Z,Yuta Okazaki
183,2022-07-01T00:00:00.000Z,2099-12-31T00:00:00.000Z,0,Persona 4 Golden PAL version,2022-07-01T00:00:00.000Z,Persona 4 Golden,2023-03-17T20:38:00.000Z,Yosuke Akutsu,2023-03-21T01:45:57.000Z,Yuta Okazaki
184,2022-07-01T00:00:00.000Z,2099-12-31T00:00:00.000Z,0,Persona Q PAL,2022-07-01T00:00:00.000Z,Persona Q,2023-03-17T20:38:00.000Z,Yosuke Akutsu,2023-03-21T01:45:57.000Z,Yuta Okazaki
185,2022-07-01T00:00:00.000Z,2099-12-31T00:00:00.000Z,0,Soul Hackers 3DS for PAL,2022-07-01T00:00:00.000Z,Soul Hackers,2023-03-17T20:38:00.000Z,Yosuke Akutsu,2023-03-21T01:45:57.000Z,Yuta Okazaki
186,2022-07-01T00:00:00.000Z,2099-12-31T00:00:00.000Z,0,DevilSurvivor2-RecordBreakr3DS,2022-07-01T00:00:00.000Z,Devil Survivor 2 Record Breaker,2023-03-17T20:38:01.000Z,Yosuke Akutsu,2023-03-21T01:45:57.000Z,Yuta Okazaki
187,2022-07-01T00:00:00.000Z,2099-12-31T00:00:00.000Z,0,Stella Glow,2022-07-01T00:00:00.000Z,Stella Glow,2023-03-17T20:38:01.000Z,Yosuke Akutsu,2023-03-21T01:45:57.000Z,Yuta Okazaki
188,2022-07-01T00:00:00.000Z,2099-12-31T00:00:00.000Z,0,Odin Sphere PS3 PAL,2022-07-01T00:00:00.000Z,Odin Sphere,2023-03-17T20:37:57.000Z,Yosuke Akutsu,2023-03-21T01:45:57.000Z,Yuta Okazaki
189,2022-07-01T00:00:00.000Z,2099-12-31T00:00:00.000Z,0,Odin Sphere PS4 PAL,2022-07-01T00:00:00.000Z,Odin Sphere,2023-03-17T20:37:58.000Z,Yosuke Akutsu,2023-03-21T01:45:57.000Z,Yuta Okazaki
190,2022-07-01T00:00:00.000Z,2099-12-31T00:00:00.000Z,0,Odin Sphere PSV PAL,2022-07-01T00:00:00.000Z,Odin Sphere,2023-03-17T20:37:58.000Z,Yosuke Akutsu,2023-03-21T01:45:57.000Z,Yuta Okazaki
201,2022-07-01T00:00:00.000Z,2099-12-31T00:00:00.000Z,0,03-2018:Touhou Kobuto V-Burst Battle:Touhou Kobuto V NSW,2017-10-10T00:00:00.000Z,Touhou Kobuto V Burst Battle (NSW),2023-03-20T21:23:31.000Z,Yosuke Akutsu,2023-03-21T01:45:57.000Z,Yuta Okazaki
202,2022-07-01T00:00:00.000Z,2099-12-31T00:00:00.000Z,0,03-2018:Touhou Kobuto V-Burst Battle:Touhou Kobuto V PS4 PAL,2017-10-10T00:00:00.000Z,Touhou Kobuto V Burst Battle (PS4 &PSV),2023-03-20T21:24:09.000Z,Yosuke Akutsu,2023-03-21T01:45:57.000Z,Yuta Okazaki
215,2022-08-01T00:00:00.000Z,2099-12-31T00:00:00.000Z,0,03-2018:Touhou Kobuto V-Burst Battle:Touhou Kobuto V PS4,2017-10-10T00:00:00.000Z,Touhou Kobuto V Burst Battle (PS4 &PSV),2023-05-11T00:00:19.000Z,Nisa Retool,2023-05-11T00:00:19.000Z,Nisa Retool
216,2022-08-01T00:00:00.000Z,2099-12-31T00:00:00.000Z,0,03-2018:Touhou Kobuto V-Burst Battle:Touhou Kobuto V PSV DIGITAL,2017-10-10T00:00:00.000Z,Touhou Kobuto V Burst Battle (PS4 &PSV),2023-05-11T00:00:42.000Z,Nisa Retool,2023-05-11T00:00:42.000Z,Nisa Retool
282,2022-11-01T00:00:00.000Z,2099-12-31T00:00:00.000Z,0,03-2018:Touhou Kobuto V-Burst Battle:Touhou Kobuto V PSVita PAL,2017-10-10T00:00:00.000Z,Touhou Kobuto V Burst Battle (PS4 &PSV),2023-05-31T17:01:46.000Z,Nisa Retool,2023-05-31T17:01:46.000Z,Nisa Retool
203,2022-07-01T00:00:00.000Z,2099-12-31T00:00:00.000Z,0,03-2020:Kemono Heroes:Kemono Heroes Stadia,2020-02-27T00:00:00.000Z,Kemono Heroes (Stadia),2023-03-20T21:25:12.000Z,Yosuke Akutsu,2023-03-21T01:45:57.000Z,Yuta Okazaki
204,2022-07-01T00:00:00.000Z,2099-12-31T00:00:00.000Z,0,03-2020:Kemono Heroes:Kemono Heroes NSW,2020-02-27T00:00:00.000Z,Kemono Heroes (NSW),2023-03-20T21:25:57.000Z,Yosuke Akutsu,2023-03-21T01:45:57.000Z,Yuta Okazaki
205,2022-07-01T00:00:00.000Z,2099-12-31T00:00:00.000Z,0,Steam titles:Stranger of Sword City Steam,2022-07-01T00:00:00.000Z,Stranger of Sword City,2023-03-28T01:49:54.000Z,Yuta Okazaki,2023-03-28T01:49:54.000Z,Yuta Okazaki
225,2022-08-01T00:00:00.000Z,2099-12-31T00:00:00.000Z,0,Stranger of Sword City PSV,2016-04-26T00:00:00.000Z,Stranger of Sword City,2023-05-11T00:12:45.000Z,Nisa Retool,2023-05-11T00:12:45.000Z,Nisa Retool
283,2022-11-01T00:00:00.000Z,2099-12-31T00:00:00.000Z,0,Stranger of Sword City PSV PAL,2016-04-26T00:00:00.000Z,Stranger of Sword City,2023-05-31T17:02:39.000Z,Nisa Retool,2023-05-31T17:02:39.000Z,Nisa Retool
206,2022-07-01T00:00:00.000Z,2099-12-31T00:00:00.000Z,1,Goods,2022-07-01T00:00:00.000Z,R-Type Final 2 - Soundbox,2023-03-30T02:17:49.000Z,Nisa Retool,2023-06-03T18:03:45.000Z,Nisa Retool
207,2022-07-01T00:00:00.000Z,2099-12-31T00:00:00.000Z,0,Goods,2022-07-01T00:00:00.000Z,Trails of Cold Steel 4 - Goods,2023-03-30T02:21:33.000Z,Yuta Okazaki,2023-03-30T02:21:33.000Z,Yuta Okazaki
208,2022-07-01T00:00:00.000Z,2099-12-31T00:00:00.000Z,0,Goods,2022-07-01T00:00:00.000Z,Ys 9 - Goods,2023-03-30T02:22:20.000Z,Yuta Okazaki,2023-03-30T02:22:20.000Z,Yuta Okazaki
209,2022-07-01T00:00:00.000Z,2099-12-31T00:00:00.000Z,3,Dungeon Travelers 2 PSV PAL,2015-10-16T00:00:00.000Z,Dungeon Travelers 2,2023-03-30T21:31:15.000Z,Nisa Retool,2023-05-25T18:10:21.000Z,Nisa Retool
260,2022-08-01T00:00:00.000Z,2099-12-31T00:00:00.000Z,0,Neptunia:Neptunia 3 PS3,2013-11-26T00:00:00.000Z,Neptunia 3 US,2023-05-17T16:32:45.000Z,Nisa Retool,2023-05-17T16:32:45.000Z,Nisa Retool
214,2022-08-01T00:00:00.000Z,2099-12-31T00:00:00.000Z,0,TTGH Daybreak Special Gigs PS4,2016-10-21T00:00:00.000Z,TTGH Daybreak Special Gigs,2023-05-10T23:58:36.000Z,Nisa Retool,2023-05-10T23:58:36.000Z,Nisa Retool
312,2023-05-01T00:00:00.000Z,2099-12-31T00:00:00.000Z,0,TTGH Daybreak Special Gigs PS3,2015-03-13T00:00:00.000Z,TTGH Daybreak Special Gigs,2023-06-30T21:11:24.000Z,Nisa Retool,2023-06-30T21:11:24.000Z,Nisa Retool
313,2023-05-01T00:00:00.000Z,2099-12-31T00:00:00.000Z,0,TTGH Daybreak Special Gigs PSV,2015-03-13T00:00:00.000Z,TTGH Daybreak Special Gigs,2023-06-30T21:11:40.000Z,Nisa Retool,2023-06-30T21:11:40.000Z,Nisa Retool
253,2022-08-01T00:00:00.000Z,2099-12-31T00:00:00.000Z,1,Operation Abyss NTL PSV,2015-06-09T00:00:00.000Z,OPERATION ABYSS,2023-05-17T16:18:27.000Z,Nisa Retool,2023-05-18T20:48:38.000Z,Nisa Retool
287,2022-11-01T00:00:00.000Z,2099-12-31T00:00:00.000Z,0,Neptunia:Neptunia PP-PSV EU,2015-04-03T00:00:00.000Z,Neptunia 4 EU,2023-05-31T17:11:22.000Z,Nisa Retool,2023-05-31T17:11:22.000Z,Nisa Retool
261,2022-08-01T00:00:00.000Z,2099-12-31T00:00:00.000Z,0,Neptunia:Neptunia PP-PSV,2014-07-03T00:00:00.000Z,Neptunia 4 US,2023-05-17T16:36:14.000Z,Nisa Retool,2023-05-17T16:36:14.000Z,Nisa Retool
241,2022-08-01T00:00:00.000Z,2099-12-31T00:00:00.000Z,0,GOC 3 PSP PAL,2005-03-31T00:00:00.000Z,GOC 3,2023-05-11T17:43:30.000Z,Nisa Retool,2023-05-11T17:43:30.000Z,Nisa Retool
242,2022-08-01T00:00:00.000Z,2099-12-31T00:00:00.000Z,0,GOC 3 PSP,2005-03-31T00:00:00.000Z,GOC 3,2023-05-11T17:43:45.000Z,Nisa Retool,2023-05-11T17:43:45.000Z,Nisa Retool
264,2022-08-01T00:00:00.000Z,2099-12-31T00:00:00.000Z,0,Blade Dancer PSP,2006-07-18T00:00:00.000Z,Blade Dancer,2023-05-17T16:48:36.000Z,Nisa Retool,2023-05-17T16:48:36.000Z,Nisa Retool
262,2022-08-01T00:00:00.000Z,2099-12-31T00:00:00.000Z,0,My Lord!?:My Lord!? 1 PSP,2009-07-16T00:00:00.000Z,My Lord 1 US,2023-05-17T16:47:32.000Z,Nisa Retool,2023-05-17T16:47:32.000Z,Nisa Retool
263,2022-08-01T00:00:00.000Z,2099-12-31T00:00:00.000Z,0,My Lord!?:My Lord!? 2 PSP,2010-05-04T00:00:00.000Z,My Lord 2 US,2023-05-17T16:47:58.000Z,Nisa Retool,2023-05-17T16:47:58.000Z,Nisa Retool
249,2022-08-01T00:00:00.000Z,2099-12-31T00:00:00.000Z,0,My Lord!?:My Lord!? 1 PSP-EU,2009-10-09T00:00:00.000Z,My Lord 1 EU,2023-05-11T17:55:17.000Z,Nisa Retool,2023-05-11T17:55:17.000Z,Nisa Retool
211,2022-07-01T00:00:00.000Z,2099-12-31T00:00:00.000Z,0,Mugen Souls:Mugen Souls Z PS3 PAL EU,2022-06-01T00:00:00.000Z,Mugen Souls Z EU,2023-04-01T00:28:06.000Z,Yuta Okazaki,2023-04-01T00:28:06.000Z,Yuta Okazaki
243,2022-08-01T00:00:00.000Z,2099-12-31T00:00:00.000Z,0,Mugen Souls:Mugen Souls Z PS3 PAL,2014-05-23T00:00:00.000Z,Mugen Souls Z EU,2023-05-11T17:45:14.000Z,Nisa Retool,2023-05-11T17:45:14.000Z,Nisa Retool
226,2022-08-01T00:00:00.000Z,2099-12-31T00:00:00.000Z,0,Atelier Series:Atelier Meruru PS3,2015-03-06T00:00:00.000Z,Atelier Meruru,2023-05-11T00:16:43.000Z,Nisa Retool,2023-05-11T00:16:43.000Z,Nisa Retool
284,2022-11-01T00:00:00.000Z,2099-12-31T00:00:00.000Z,0,Atelier Series:Atelier Meruru PS3-EU,2015-03-06T00:00:00.000Z,Atelier Meruru,2023-05-31T17:03:24.000Z,Nisa Retool,2023-05-31T17:03:24.000Z,Nisa Retool
227,2022-08-01T00:00:00.000Z,2099-12-31T00:00:00.000Z,0,Atelier Series:Atelier Totori-EU,2015-03-06T00:00:00.000Z,Atelier Totori,2023-05-11T00:17:27.000Z,Nisa Retool,2023-05-11T00:17:27.000Z,Nisa Retool
228,2022-08-01T00:00:00.000Z,2099-12-31T00:00:00.000Z,0,Atelier Series:Atelier Totori-US,2015-03-06T00:00:00.000Z,Atelier Totori,2023-05-11T00:17:40.000Z,Nisa Retool,2023-05-11T00:17:40.000Z,Nisa Retool
229,2022-08-01T00:00:00.000Z,2099-12-31T00:00:00.000Z,0,Aedis Eclipse-PSN,2006-05-25T00:00:00.000Z,Aedis Eclipse,2023-05-11T00:20:19.000Z,Nisa Retool,2023-05-11T00:20:19.000Z,Nisa Retool
235,2022-08-01T00:00:00.000Z,2099-12-31T00:00:00.000Z,0,03-2023:Trails from Zero:Trails from Zero PS4,2022-09-27T00:00:00.000Z,Trails from Zero/Azure,2023-05-11T16:58:52.000Z,Nisa Retool,2023-05-11T16:58:52.000Z,Nisa Retool
271,2022-09-01T00:00:00.000Z,2099-12-31T00:00:00.000Z,0,03-2023:Trails from Zero:Trails from Zero NSW,2022-09-27T00:00:00.000Z,Trails from Zero/Azure,2023-05-25T22:21:53.000Z,Nisa Retool,2023-05-25T22:21:53.000Z,Nisa Retool
275,2022-10-01T00:00:00.000Z,2099-12-31T00:00:00.000Z,0,03-2023:Trails from Zero:Trails from Zero EPIC,2022-09-27T00:00:00.000Z,Trails from Zero/Azure,2023-05-26T20:23:59.000Z,Nisa Retool,2023-05-26T20:23:59.000Z,Nisa Retool
276,2022-10-01T00:00:00.000Z,2099-12-31T00:00:00.000Z,0,03-2023:Trails from Zero:Trails from Zero STEAM,2022-09-27T00:00:00.000Z,Trails from Zero/Azure,2023-05-26T20:24:21.000Z,Nisa Retool,2023-05-26T20:24:21.000Z,Nisa Retool
285,2022-11-01T00:00:00.000Z,2099-12-31T00:00:00.000Z,0,03-2023:Trails from Zero:Trails from Zero Luna,2022-09-27T00:00:00.000Z,Trails from Zero/Azure,2023-05-31T17:03:58.000Z,Nisa Retool,2023-05-31T17:03:58.000Z,Nisa Retool
295,2023-02-01T00:00:00.000Z,2099-12-31T00:00:00.000Z,0,03-2023:Trails to Azure:Trails to Azure NSW,2023-03-14T00:00:00.000Z,Trails from Zero/Azure,2023-06-02T00:40:43.000Z,Nisa Retool,2023-06-02T00:40:43.000Z,Nisa Retool
296,2023-02-01T00:00:00.000Z,2099-12-31T00:00:00.000Z,0,03-2023:Trails to Azure:Trails to Azure PS4,2023-03-14T00:00:00.000Z,Trails from Zero/Azure,2023-06-02T00:41:00.000Z,Nisa Retool,2023-06-02T00:41:00.000Z,Nisa Retool
298,2023-04-01T00:00:00.000Z,2099-12-31T00:00:00.000Z,0,03-2023:Trails to Azure:Trails to Azure STEAM,2023-03-14T00:00:00.000Z,Trails from Zero/Azure,2023-06-05T18:15:12.000Z,Nisa Retool,2023-06-05T18:15:12.000Z,Nisa Retool
245,2022-08-01T00:00:00.000Z,2099-12-31T00:00:00.000Z,0,03-2023:Fallen Legion (Porting):Fallen Legion 2 PS5,2022-08-23T00:00:00.000Z,Fallen Legion PS5/XB1,2023-05-11T17:50:53.000Z,Nisa Retool,2023-05-11T17:50:53.000Z,Nisa Retool
246,2022-08-01T00:00:00.000Z,2099-12-31T00:00:00.000Z,0,03-2023:Fallen Legion (Porting):Fallen Legion 2 XB1,2022-08-23T00:00:00.000Z,Fallen Legion PS5/XB1,2023-05-11T17:51:06.000Z,Nisa Retool,2023-05-11T17:51:06.000Z,Nisa Retool
247,2022-08-01T00:00:00.000Z,2099-12-31T00:00:00.000Z,0,03-2023:Fallen Legion (Porting):Fallen Legion 1 XBX,2022-08-23T00:00:00.000Z,Fallen Legion PS5/XB1,2023-05-11T17:51:19.000Z,Nisa Retool,2023-05-11T17:51:19.000Z,Nisa Retool
273,2022-09-01T00:00:00.000Z,2099-12-31T00:00:00.000Z,0,03-2023:Fallen Legion (Porting):Fallen Legion 2 EPIC,2022-08-23T00:00:00.000Z,Fallen Legion PS5/XB1,2023-05-25T22:23:28.000Z,Nisa Retool,2023-05-25T22:23:28.000Z,Nisa Retool
274,2022-09-01T00:00:00.000Z,2099-12-31T00:00:00.000Z,0,03-2023:Fallen Legion (Porting):Fallen Legion 2 STEAM,2022-08-23T00:00:00.000Z,Fallen Legion PS5/XB1,2023-05-25T22:23:44.000Z,Nisa Retool,2023-05-25T22:23:44.000Z,Nisa Retool
278,2022-10-01T00:00:00.000Z,2099-12-31T00:00:00.000Z,0,03-2023:Fallen Legion (Porting):Fallen Legion 1 EPIC,2022-08-23T00:00:00.000Z,Fallen Legion PS5/XB1,2023-05-26T22:19:10.000Z,Nisa Retool,2023-05-26T22:19:10.000Z,Nisa Retool
279,2022-10-01T00:00:00.000Z,2099-12-31T00:00:00.000Z,0,03-2023:Fallen Legion (Porting):Fallen Legion 1 STEAM,2022-08-23T00:00:00.000Z,Fallen Legion PS5/XB1,2023-05-26T22:19:25.000Z,Nisa Retool,2023-05-26T22:19:25.000Z,Nisa Retool
280,2022-10-01T00:00:00.000Z,2099-12-31T00:00:00.000Z,0,03-2023:Fallen Legion (Porting):Fallen Legion 1 PS5,2022-08-23T00:00:00.000Z,Fallen Legion PS5/XB1,2023-05-26T22:19:43.000Z,Nisa Retool,2023-05-26T22:19:43.000Z,Nisa Retool
290,2022-12-01T00:00:00.000Z,2099-12-31T00:00:00.000Z,0,03-2023:Fallen Legion (Porting):Fallen Legion 1 XB1,2022-08-23T00:00:00.000Z,Fallen Legion PS5/XB1,2023-05-31T21:37:36.000Z,Nisa Retool,2023-05-31T21:37:36.000Z,Nisa Retool
250,2022-08-01T00:00:00.000Z,2099-12-31T00:00:00.000Z,0,Neptunia:Neptunia DLC for US,2011-03-04T00:00:00.000Z,Neptunia US,2023-05-17T16:05:12.000Z,Nisa Retool,2023-05-17T16:05:12.000Z,Nisa Retool
251,2022-08-01T00:00:00.000Z,2099-12-31T00:00:00.000Z,0,Neptunia:Neptunia2 PS3,2012-02-24T00:00:00.000Z,Neptunia MK2 US,2023-05-17T16:05:35.000Z,Nisa Retool,2023-05-17T16:05:35.000Z,Nisa Retool
252,2022-08-01T00:00:00.000Z,2099-12-31T00:00:00.000Z,0,Trinity Universe-DLC US,2009-10-01T00:00:00.000Z,Trinity Universe US,2023-05-17T16:08:17.000Z,Nisa Retool,2023-05-17T16:08:17.000Z,Nisa Retool
321,2023-06-30T00:00:00.000Z,2050-12-30T00:00:00.000Z,2,Trinity Universe-DLC-EU,2023-06-30T00:00:00.000Z,Trinity Universe EU,2023-08-10T20:59:10.000Z,Retool Admin,2025-07-09T21:19:49.000Z,Retool Admin
321,2050-12-31T00:00:00.000Z,2099-12-31T00:00:00.000Z,0,Trinity Universe-DLC-EU,2023-06-30T00:00:00.000Z,Trinity Universe EU,2025-07-09T21:19:49.000Z,Retool Admin,2025-07-09T21:19:49.000Z,Retool Admin
265,2022-08-01T00:00:00.000Z,2099-12-31T00:00:00.000Z,0,My Lord!?:My Lord!? 2 PSP,2010-05-04T00:00:00.000Z,My Lord 2 US - DLC,2023-05-25T19:39:29.000Z,Nisa Retool,2023-05-25T19:39:29.000Z,Nisa Retool
266,2022-09-01T00:00:00.000Z,2099-12-31T00:00:00.000Z,0,03-2023:Kamiwaza:Kamiwaza NSW,2022-10-11T00:00:00.000Z,Kamiwaza,2023-05-25T21:39:39.000Z,Nisa Retool,2023-05-25T21:39:39.000Z,Nisa Retool
267,2022-09-01T00:00:00.000Z,2099-12-31T00:00:00.000Z,0,03-2023:Kamiwaza:Kamiwaza PS4,2022-10-11T00:00:00.000Z,Kamiwaza,2023-05-25T21:39:58.000Z,Nisa Retool,2023-05-25T21:39:58.000Z,Nisa Retool
281,2022-11-01T00:00:00.000Z,2099-12-31T00:00:00.000Z,0,03-2023:Kamiwaza:Kamiwaza STEAM,2022-10-11T00:00:00.000Z,Kamiwaza,2023-05-31T16:46:42.000Z,Nisa Retool,2023-05-31T16:46:42.000Z,Nisa Retool
270,2022-09-01T00:00:00.000Z,2099-12-31T00:00:00.000Z,0,03-2020:Trails of Cold Steel 3:TOCS 3 Merchandise,2019-10-02T00:00:00.000Z,Trails of Cold Steel 3 - Goods,2023-05-25T22:21:13.000Z,Nisa Retool,2023-05-25T22:21:13.000Z,Nisa Retool
272,2022-09-01T00:00:00.000Z,2099-12-31T00:00:00.000Z,1,03-2023:Trails from Zero,2022-09-27T00:00:00.000Z,Trails from Zero - Goods,2023-05-25T22:22:13.000Z,Nisa Retool,2023-05-25T22:41:12.000Z,Nisa Retool
277,2022-10-01T00:00:00.000Z,2099-12-31T00:00:00.000Z,0,03-2023:Ys VIII Lacrimosa of Dana 2023:Ys VIII Lacrimosa of Dana PS5,2022-11-15T00:00:00.000Z,Ys 8 PS5,2023-05-26T22:17:53.000Z,Nisa Retool,2023-05-26T22:17:53.000Z,Nisa Retool
288,2022-11-01T00:00:00.000Z,2099-12-31T00:00:00.000Z,0,Danganronpa Reload,2017-03-14T00:00:00.000Z,Danganronpa Reload,2023-05-31T17:14:51.000Z,Nisa Retool,2023-05-31T17:14:51.000Z,Nisa Retool
289,2022-12-01T00:00:00.000Z,2099-12-31T00:00:00.000Z,0,03-2023:Trails into Reverie (Hajimari),2023-07-07T00:00:00.000Z,Trails into Reverie (Hajimari),2023-05-31T21:36:55.000Z,Nisa Retool,2023-05-31T21:36:55.000Z,Nisa Retool
316,2023-06-01T00:00:00.000Z,2099-12-31T00:00:00.000Z,0,03-2023:Trails into Reverie (Hajimari):Trails into Reverie NSW,2023-07-07T00:00:00.000Z,Trails into Reverie (Hajimari),2023-07-09T00:05:44.000Z,Nisa Retool,2023-07-09T00:05:44.000Z,Nisa Retool
317,2023-06-01T00:00:00.000Z,2099-12-31T00:00:00.000Z,0,03-2023:Trails into Reverie (Hajimari):Trails into Reverie PS4,2023-07-07T00:00:00.000Z,Trails into Reverie (Hajimari),2023-07-09T00:06:01.000Z,Nisa Retool,2023-07-09T00:06:01.000Z,Nisa Retool
327,2023-08-01T00:00:00.000Z,2099-12-31T00:00:00.000Z,0,03-2023:Trails into Reverie (Hajimari):Trails into Reverie EPIC,2023-07-07T00:00:00.000Z,Trails into Reverie (Hajimari),2023-09-18T23:47:12.000Z,Nisa Retool,2023-09-18T23:47:12.000Z,Nisa Retool
328,2023-08-01T00:00:00.000Z,2099-12-31T00:00:00.000Z,0,03-2023:Trails into Reverie (Hajimari):Trails into Reverie STEAM,2023-07-07T00:00:00.000Z,Trails into Reverie (Hajimari),2023-09-18T23:47:26.000Z,Nisa Retool,2023-09-18T23:47:26.000Z,Nisa Retool
291,2023-01-01T00:00:00.000Z,2099-12-31T00:00:00.000Z,0,03-2023:Raiden 4:Raiden 4 PS4,2023-01-31T00:00:00.000Z,Raiden 3&4,2023-06-01T23:47:16.000Z,Nisa Retool,2023-06-01T23:47:16.000Z,Nisa Retool
292,2023-01-01T00:00:00.000Z,2099-12-31T00:00:00.000Z,0,03-2023:Raiden 4:Raiden 4 PS5,2023-01-31T00:00:00.000Z,Raiden 3&4,2023-06-01T23:47:31.000Z,Nisa Retool,2023-06-01T23:47:31.000Z,Nisa Retool
293,2023-01-01T00:00:00.000Z,2099-12-31T00:00:00.000Z,0,03-2023:Raiden 4:Raiden 4 XB1,2023-01-31T00:00:00.000Z,Raiden 3&4,2023-06-01T23:47:46.000Z,Nisa Retool,2023-06-01T23:47:46.000Z,Nisa Retool
297,2023-02-01T00:00:00.000Z,2099-12-31T00:00:00.000Z,0,03-2023:Raiden 4:Raiden 4 STEAM,2023-01-31T00:00:00.000Z,Raiden 3&4,2023-06-02T00:41:20.000Z,Nisa Retool,2023-06-02T00:41:20.000Z,Nisa Retool
307,2023-05-01T00:00:00.000Z,2099-12-31T00:00:00.000Z,0,03-2024:Raiden 3:Raiden 3 NSW,2023-06-30T00:00:00.000Z,Raiden 3&4,2023-06-30T21:06:18.000Z,Nisa Retool,2023-06-30T21:06:18.000Z,Nisa Retool
308,2023-05-01T00:00:00.000Z,2099-12-31T00:00:00.000Z,0,03-2024:Raiden 3:Raiden 3 PS4,2023-06-30T00:00:00.000Z,Raiden 3&4,2023-06-30T21:06:33.000Z,Nisa Retool,2023-06-30T21:06:33.000Z,Nisa Retool
309,2023-05-01T00:00:00.000Z,2099-12-31T00:00:00.000Z,0,03-2024:Raiden 3:Raiden 3 PS5,2023-06-30T00:00:00.000Z,Raiden 3&4,2023-06-30T21:06:44.000Z,Nisa Retool,2023-06-30T21:06:44.000Z,Nisa Retool
310,2023-05-01T00:00:00.000Z,2099-12-31T00:00:00.000Z,0,03-2024:Raiden 3:Raiden 3 XB1,2023-06-30T00:00:00.000Z,Raiden 3&4,2023-06-30T21:06:54.000Z,Nisa Retool,2023-06-30T21:06:54.000Z,Nisa Retool
329,2023-09-01T00:00:00.000Z,2099-12-31T00:00:00.000Z,0,03-2024 : Raiden 3 : Raiden 3 PS4,2023-06-06T00:00:00.000Z,Raiden 3&4,2023-10-11T18:15:49.000Z,Nisa Retool,2023-10-11T18:15:49.000Z,Nisa Retool
343,2023-11-01T00:00:00.000Z,2099-12-31T00:00:00.000Z,0,03-2024:Raiden 3:Raiden 3 STEAM,2023-09-07T00:00:00.000Z,Raiden 3&4,2023-12-12T17:31:42.000Z,Nisa Retool,2023-12-12T17:31:42.000Z,Nisa Retool
105,2023-09-01T00:00:00.000Z,2099-12-31T00:00:00.000Z,1,03-2021:R-Type Final 2:R-Type Final 2 EPIC,2021-04-30T00:00:00.000Z,R-Type 3 PS5,2023-11-28T20:47:27.000Z,Nisa Retool,2023-11-28T20:50:24.000Z,Nisa Retool
106,2023-09-01T00:00:00.000Z,2099-12-31T00:00:00.000Z,1,03-2021:R-Type Final 2:R-Type Final 2 NSW,2021-04-30T00:00:00.000Z,R-Type 3 PS5,2023-12-02T03:05:38.000Z,Yuta Okazaki,2023-12-02T03:08:15.000Z,Yuta Okazaki
107,2023-09-01T00:00:00.000Z,2099-12-31T00:00:00.000Z,1,03-2021:R-Type Final 2:R-Type Final 2 STEAM,2021-04-30T00:00:00.000Z,R-Type 3 PS5,2023-12-04T22:26:11.000Z,Nisa Retool,2023-12-04T22:28:02.000Z,Nisa Retool
108,2023-09-01T00:00:00.000Z,2099-12-31T00:00:00.000Z,1,03-2021:R-Type Final 2:R-Type Final 2 MST Game Pass,2021-04-30T00:00:00.000Z,R-Type 3 PS5,2023-12-04T22:28:26.000Z,Nisa Retool,2023-12-04T22:28:42.000Z,Nisa Retool
109,2023-09-01T00:00:00.000Z,2099-12-31T00:00:00.000Z,1,03-2021:R-Type Final 2:R-Type Final 2 PS4,2021-04-30T00:00:00.000Z,R-Type 3 PS5,2023-12-04T22:29:08.000Z,Nisa Retool,2023-12-04T22:29:24.000Z,Nisa Retool
110,2023-09-01T00:00:00.000Z,2099-12-31T00:00:00.000Z,1,03-2021:R-Type Final 2:R-Type Final 2 XB1,2021-04-30T00:00:00.000Z,R-Type 3 PS5,2023-12-04T22:29:36.000Z,Nisa Retool,2023-12-04T22:29:49.000Z,Nisa Retool
294,2023-02-01T00:00:00.000Z,2099-12-31T00:00:00.000Z,0,03-2023:R-Type Final 3:R-Type Final 3 PS5,2023-04-25T00:00:00.000Z,R-Type 3 PS5,2023-06-02T00:40:00.000Z,Nisa Retool,2023-06-02T00:40:00.000Z,Nisa Retool
239,2022-08-01T00:00:00.000Z,2099-12-31T00:00:00.000Z,1,Black Rock Shooter-PSN,2013-04-23T00:00:00.000Z,Black Rock Shooter-US,2023-05-11T17:41:40.000Z,Nisa Retool,2023-06-03T04:09:41.000Z,Nisa Retool
240,2022-08-01T00:00:00.000Z,2099-12-31T00:00:00.000Z,1,Fairy Fencer F PS3,2014-09-16T00:00:00.000Z,Fairy Fencer F US,2023-05-11T17:42:08.000Z,Nisa Retool,2023-06-03T04:13:18.000Z,Nisa Retool
300,2023-04-01T00:00:00.000Z,2099-12-31T00:00:00.000Z,0,03-2024:Ys IX Monstrum Nox:Ys IX Monstrum Nox PS5,2023-05-09T00:00:00.000Z,Ys 9 PS5,2023-06-05T18:19:13.000Z,Nisa Retool,2023-06-05T18:19:13.000Z,Nisa Retool
302,2023-04-01T00:00:00.000Z,2099-12-31T00:00:00.000Z,3,03-2023:Trails through Daybreak (PC):Trails through Daybreak STEAM,2023-03-01T00:00:00.000Z,Trails through Daybreak,2023-06-28T15:59:15.000Z,Nisa Retool,2023-10-12T18:29:03.000Z,Nisa Retool
356,2024-06-01T00:00:00.000Z,2099-12-31T00:00:00.000Z,0,03-2024:Trails through Daybreak:Trails through Daybreak NSW,2024-07-02T00:00:00.000Z,Trails through Daybreak,2024-07-10T17:28:07.000Z,Izumi Ebitsuka,2024-07-10T17:28:07.000Z,Izumi Ebitsuka
357,2024-06-01T00:00:00.000Z,2099-12-31T00:00:00.000Z,0,03-2024:Trails through Daybreak:Trails through Daybreak PS4,2024-07-02T00:00:00.000Z,Trails through Daybreak,2024-07-10T17:28:23.000Z,Izumi Ebitsuka,2024-07-10T17:28:23.000Z,Izumi Ebitsuka
358,2024-06-01T00:00:00.000Z,2099-12-31T00:00:00.000Z,0,03-2024:Trails through Daybreak:Trails through Daybreak PS5,2024-07-02T00:00:00.000Z,Trails through Daybreak,2024-07-10T17:28:38.000Z,Izumi Ebitsuka,2024-07-10T17:28:38.000Z,Izumi Ebitsuka
365,2024-08-01T00:00:00.000Z,2099-12-31T00:00:00.000Z,2,03-2024:Trails through Daybreak:Trails through Daybreak EPIC,2024-07-05T00:00:00.000Z,Trails through Daybreak,2024-09-09T16:38:40.000Z,Izumi Ebitsuka,2025-04-10T23:17:37.000Z,Izumi Ebitsuka
303,2022-12-01T00:00:00.000Z,2099-12-31T00:00:00.000Z,0,03-2023:Trails into Reverie (Hajimari),2023-07-07T00:00:00.000Z,Trails into Reverie (Hajimari) - Goods,2023-06-30T16:16:44.000Z,Nisa Retool,2023-06-30T16:16:44.000Z,Nisa Retool
319,2023-06-01T00:00:00.000Z,2099-12-31T00:00:00.000Z,0,Goods,2023-07-07T00:00:00.000Z,Trails into Reverie (Hajimari) - Goods,2023-07-11T01:05:18.000Z,Nisa Retool,2023-07-11T01:05:18.000Z,Nisa Retool
304,2022-07-01T00:00:00.000Z,2099-12-31T00:00:00.000Z,0,Goods,2022-07-01T00:00:00.000Z,Trails to Azure - Goods,2023-06-30T16:24:33.000Z,Nisa Retool,2023-06-30T16:24:33.000Z,Nisa Retool
305,2022-07-01T00:00:00.000Z,2099-12-31T00:00:00.000Z,0,Goods,2022-07-01T00:00:00.000Z,Ys 8 - Goods,2023-06-30T16:32:59.000Z,Nisa Retool,2023-06-30T16:32:59.000Z,Nisa Retool
306,2022-07-01T00:00:00.000Z,2099-12-31T00:00:00.000Z,0,Goods,2022-07-01T00:00:00.000Z,Ys Anniversary,2023-06-30T16:39:30.000Z,Nisa Retool,2023-06-30T16:39:30.000Z,Nisa Retool
311,2023-05-01T00:00:00.000Z,2099-12-31T00:00:00.000Z,0,03-2023:Caligula Effect 1:Caligula Effect 1 PS5,2023-06-30T00:00:00.000Z,Caligula Effect 1&2 PS5,2023-06-30T21:08:55.000Z,Nisa Retool,2023-06-30T21:08:55.000Z,Nisa Retool
331,2023-09-01T00:00:00.000Z,2099-12-31T00:00:00.000Z,0,03-2024 : Caligula Effect 2 : Caligula Effect 2 PS5,2023-10-17T00:00:00.000Z,Caligula Effect 1&2 PS5,2023-10-11T18:19:33.000Z,Nisa Retool,2023-10-11T18:19:33.000Z,Nisa Retool
344,2023-11-01T00:00:00.000Z,2099-12-31T00:00:00.000Z,0,03-2024:Caligula Effect 2:Caligula Effect 2 PS5,2023-10-17T00:00:00.000Z,Caligula Effect 1&2 PS5,2023-12-12T17:32:38.000Z,Nisa Retool,2023-12-12T17:32:38.000Z,Nisa Retool
322,2023-08-01T00:00:00.000Z,2099-12-31T00:00:00.000Z,0,03-2024:Monochrome Mobius:Monochrome Mobius PS4,2023-09-05T00:00:00.000Z,Monochrome Mobius,2023-09-18T23:45:12.000Z,Nisa Retool,2023-09-18T23:45:12.000Z,Nisa Retool
323,2023-08-01T00:00:00.000Z,2099-12-31T00:00:00.000Z,0,03-2024:Monochrome Mobius,2023-09-05T00:00:00.000Z,Monochrome Mobius,2023-09-18T23:45:34.000Z,Nisa Retool,2023-09-18T23:45:34.000Z,Nisa Retool
324,2023-08-01T00:00:00.000Z,2099-12-31T00:00:00.000Z,0,03-2024:Monochrome Mobius:Monochrome Mobius PS5,2023-09-05T00:00:00.000Z,Monochrome Mobius,2023-09-18T23:45:51.000Z,Nisa Retool,2023-09-18T23:45:51.000Z,Nisa Retool
332,2023-09-01T00:00:00.000Z,2099-12-31T00:00:00.000Z,0,03-2024 : CRYMACHINA : CRYMACHINA PS4,2023-10-24T00:00:00.000Z,CRYMACHINA,2023-10-11T18:23:24.000Z,Nisa Retool,2023-10-11T18:23:24.000Z,Nisa Retool
333,2023-09-01T00:00:00.000Z,2099-12-31T00:00:00.000Z,0,03-2024 : CRYMACHINA : CRYMACHINA PS5,2023-10-24T00:00:00.000Z,CRYMACHINA,2023-10-11T18:23:38.000Z,Nisa Retool,2023-10-11T18:23:38.000Z,Nisa Retool
339,2023-10-01T00:00:00.000Z,2099-12-31T00:00:00.000Z,0,03-2024:CRYMACHINA:CRYMACHINA NSW,2023-10-24T00:00:00.000Z,CRYMACHINA,2023-11-08T22:08:20.000Z,Nisa Retool,2023-11-08T22:08:20.000Z,Nisa Retool
340,2023-10-01T00:00:00.000Z,2099-12-31T00:00:00.000Z,0,03-2024:CRYMACHINA:CRYMACHINA PS4,2023-10-24T00:00:00.000Z,CRYMACHINA,2023-11-08T22:08:48.000Z,Nisa Retool,2023-11-08T22:08:48.000Z,Nisa Retool
341,2023-10-01T00:00:00.000Z,2099-12-31T00:00:00.000Z,0,03-2024:CRYMACHINA:CRYMACHINA PS5,2023-10-24T00:00:00.000Z,CRYMACHINA,2023-11-08T22:09:01.000Z,Nisa Retool,2023-11-08T22:09:01.000Z,Nisa Retool
345,2023-11-01T00:00:00.000Z,2099-12-31T00:00:00.000Z,0,03-2024:CRYMACHINA:CRYMACHINA STEAM,2023-10-24T00:00:00.000Z,CRYMACHINA,2023-12-12T17:33:11.000Z,Nisa Retool,2023-12-12T17:33:11.000Z,Nisa Retool
336,2023-09-01T00:00:00.000Z,2099-12-31T00:00:00.000Z,0,03-2024 : R-Type Tactics I ? II : R-Type Tactics I ? II XB1,2024-06-01T00:00:00.000Z,R-Type Tactics I & II,2023-10-11T18:28:53.000Z,Nisa Retool,2023-10-11T18:28:53.000Z,Nisa Retool
337,2023-09-01T00:00:00.000Z,2099-12-31T00:00:00.000Z,0,03-2024 : R-Type Tactics I ? II : R-Type Tactics I ? II XB1,2024-06-01T00:00:00.000Z,R-Type Tactics I & II,2023-10-11T18:29:30.000Z,Nisa Retool,2023-10-11T18:29:30.000Z,Nisa Retool
338,2023-09-01T00:00:00.000Z,2099-12-31T00:00:00.000Z,0,03-2024 : R-Type Tactics I ? II : R-Type Tactics I ? II XB1,2024-06-01T00:00:00.000Z,R-Type Tactics I & II,2023-10-11T18:30:01.000Z,Nisa Retool,2023-10-11T18:30:01.000Z,Nisa Retool
347,2024-01-01T00:00:00.000Z,2099-12-31T00:00:00.000Z,0,03-2024:Trails of Cold Steel 3+4:Trails of Cold Steel 3+4 PS5,2024-02-16T00:00:00.000Z,Trails of Cold Steel 3&4,2024-02-06T20:41:21.000Z,Nisa Retool,2024-02-06T20:41:21.000Z,Nisa Retool
352,2024-03-01T00:00:00.000Z,2099-12-31T00:00:00.000Z,1,03-2024:Trails of Cold Steel 3 PS5,2024-02-16T00:00:00.000Z,Trails of Cold Steel 3&4,2024-04-06T01:25:28.000Z,Izumi Ebitsuka,2024-04-06T01:29:23.000Z,Izumi Ebitsuka
353,2024-03-01T00:00:00.000Z,2099-12-31T00:00:00.000Z,0,03-2024:Trails of Cold Steel 4 PS5,2024-02-16T00:00:00.000Z,Trails of Cold Steel 3&4,2024-04-06T01:28:51.000Z,Izumi Ebitsuka,2024-04-06T01:28:51.000Z,Izumi Ebitsuka
348,2024-02-01T00:00:00.000Z,2099-12-31T00:00:00.000Z,0,03-2024:Legend of Legacy HD:Legend of Legacy HD NSW,2024-03-22T00:00:00.000Z,Legend of Legacy HD,2024-03-05T20:08:31.000Z,Izumi Ebitsuka,2024-03-05T20:08:31.000Z,Izumi Ebitsuka
349,2024-02-01T00:00:00.000Z,2099-12-31T00:00:00.000Z,0,03-2024:Legend of Legacy HD:Legend of Legacy HD PS4,2024-03-22T00:00:00.000Z,Legend of Legacy HD,2024-03-05T20:08:50.000Z,Izumi Ebitsuka,2024-03-05T20:08:50.000Z,Izumi Ebitsuka
350,2024-02-01T00:00:00.000Z,2099-12-31T00:00:00.000Z,0,03-2024:Legend of Legacy HD:Legend of Legacy HD PS5,2024-03-22T00:00:00.000Z,Legend of Legacy HD,2024-03-05T20:09:04.000Z,Izumi Ebitsuka,2024-03-05T20:09:04.000Z,Izumi Ebitsuka
354,2024-04-01T00:00:00.000Z,2099-12-31T00:00:00.000Z,0,03-2024:Legend of Legacy HD:Legend of Legacy HD STEAM,2024-03-22T00:00:00.000Z,Legend of Legacy HD,2024-05-06T17:59:14.000Z,Izumi Ebitsuka,2024-05-06T17:59:14.000Z,Izumi Ebitsuka
318,2023-06-01T00:00:00.000Z,2099-12-31T00:00:00.000Z,1,03-2023:Trails into Reverie (Hajimari):Trails into Reverie PS5,2023-07-07T00:00:00.000Z,Trails into Reverie (Hajimari) PS5,2023-07-09T00:06:15.000Z,Izumi Ebitsuka,2024-05-03T18:07:09.000Z,Izumi Ebitsuka
355,2024-04-01T00:00:00.000Z,2099-12-31T00:00:00.000Z,0,03-2024:Trails through Daybreak,2024-07-05T00:00:00.000Z,Trails through Daybreak - Goods,2024-05-06T18:01:27.000Z,Izumi Ebitsuka,2024-05-06T18:01:27.000Z,Izumi Ebitsuka
360,2024-06-01T00:00:00.000Z,2099-12-31T00:00:00.000Z,1,Goods,2024-07-02T00:00:00.000Z,Trails through Daybreak - Goods,2024-07-10T18:43:58.000Z,Izumi Ebitsuka,2024-07-10T19:41:28.000Z,Izumi Ebitsuka
111,2022-07-01T00:00:00.000Z,2099-12-31T00:00:00.000Z,1,03-2019:killer7:killer7 STEAM,2018-11-15T00:00:00.000Z,Killer7 2024,2023-03-17T20:37:40.000Z,Izumi Ebitsuka,2024-06-18T16:55:21.000Z,Izumi Ebitsuka
359,2024-06-01T00:00:00.000Z,2099-12-31T00:00:00.000Z,2,Goods,2024-10-25T00:00:00.000Z,Ys 10 - Goods,2024-07-10T18:43:33.000Z,Izumi Ebitsuka,2024-07-10T19:41:43.000Z,Izumi Ebitsuka
361,2024-06-01T00:00:00.000Z,2099-12-31T00:00:00.000Z,1,Goods,2025-02-14T00:00:00.000Z,Trails through Daybreak 2 - Goods,2024-07-10T18:49:03.000Z,Izumi Ebitsuka,2024-07-10T19:41:58.000Z,Izumi Ebitsuka
362,2024-08-01T00:00:00.000Z,2099-12-31T00:00:00.000Z,0,03-2025:REYNATIS:REYNATIS NSW,2024-09-27T00:00:00.000Z,REYNATIS,2024-09-09T16:37:28.000Z,Izumi Ebitsuka,2024-09-09T16:37:28.000Z,Izumi Ebitsuka
363,2024-08-01T00:00:00.000Z,2099-12-31T00:00:00.000Z,0,03-2025:REYNATIS:REYNATIS PS4,2024-09-27T00:00:00.000Z,REYNATIS,2024-09-09T16:37:50.000Z,Izumi Ebitsuka,2024-09-09T16:37:50.000Z,Izumi Ebitsuka
364,2024-08-01T00:00:00.000Z,2099-12-31T00:00:00.000Z,0,03-2025:REYNATIS:REYNATIS PS5,2024-09-27T00:00:00.000Z,REYNATIS,2024-09-09T16:38:03.000Z,Izumi Ebitsuka,2024-09-09T16:38:03.000Z,Izumi Ebitsuka
370,2024-10-01T00:00:00.000Z,2099-12-31T00:00:00.000Z,0,03-2025:REYNATIS:REYNATIS STEAM,2024-09-27T00:00:00.000Z,REYNATIS,2024-11-07T18:09:22.000Z,Izumi Ebitsuka,2024-11-07T18:09:22.000Z,Izumi Ebitsuka
366,2024-09-01T00:00:00.000Z,2099-12-31T00:00:00.000Z,0,03-2025:RPG MAKER WITH:RPG MAKER WITH NSW,2024-10-11T00:00:00.000Z,RPG Maker WITH,2024-10-09T15:53:05.000Z,Izumi Ebitsuka,2024-10-09T15:53:05.000Z,Izumi Ebitsuka
374,2025-01-01T00:00:00.000Z,2099-12-31T00:00:00.000Z,0,03-2025:RPG MAKER WITH:RPG MAKER WITH PS4,2025-02-21T00:00:00.000Z,RPG Maker WITH,2025-02-06T21:24:46.000Z,Izumi Ebitsuka,2025-02-06T21:24:46.000Z,Izumi Ebitsuka
375,2025-01-01T00:00:00.000Z,2099-12-31T00:00:00.000Z,0,03-2025:RPG MAKER WITH:RPG MAKER WITH PS5,2025-02-21T00:00:00.000Z,RPG Maker WITH,2025-02-06T21:25:04.000Z,Izumi Ebitsuka,2025-02-06T21:25:04.000Z,Izumi Ebitsuka
367,2024-09-01T00:00:00.000Z,2099-12-31T00:00:00.000Z,0,03-2025:Ys 10:Ys 10 NSW,2024-10-25T00:00:00.000Z,Ys 10,2024-10-09T15:53:29.000Z,Izumi Ebitsuka,2024-10-09T15:53:29.000Z,Izumi Ebitsuka
368,2024-09-01T00:00:00.000Z,2099-12-31T00:00:00.000Z,0,03-2025:Ys 10:Ys 10 PS4,2024-10-25T00:00:00.000Z,Ys 10,2024-10-09T15:53:45.000Z,Izumi Ebitsuka,2024-10-09T15:53:45.000Z,Izumi Ebitsuka
369,2024-09-01T00:00:00.000Z,2099-12-31T00:00:00.000Z,0,03-2025:Ys 10:Ys 10 PS5,2024-10-25T00:00:00.000Z,Ys 10,2024-10-09T15:54:04.000Z,Izumi Ebitsuka,2024-10-09T15:54:04.000Z,Izumi Ebitsuka
372,2024-11-01T00:00:00.000Z,2099-12-31T00:00:00.000Z,0,03-2025:Ys 10:Ys 10 EPIC,2024-10-25T00:00:00.000Z,Ys 10,2024-12-05T23:46:13.000Z,Izumi Ebitsuka,2024-12-05T23:46:13.000Z,Izumi Ebitsuka
373,2024-11-01T00:00:00.000Z,2099-12-31T00:00:00.000Z,0,03-2025:Ys 10:Ys 10 STEAM,2024-10-25T00:00:00.000Z,Ys 10,2024-12-05T23:46:31.000Z,Izumi Ebitsuka,2024-12-05T23:46:31.000Z,Izumi Ebitsuka
371,2024-10-01T00:00:00.000Z,2099-12-31T00:00:00.000Z,0,Goods,2024-10-01T00:00:00.000Z,REYNATIS Goods,2024-11-07T22:10:22.000Z,Izumi Ebitsuka,2024-11-07T22:10:22.000Z,Izumi Ebitsuka
376,2025-01-01T00:00:00.000Z,2099-12-31T00:00:00.000Z,0,03-2025:Trails through Daybreak 2:Trails through Daybreak 2 NSW,2025-02-14T00:00:00.000Z,Trails through Daybreak 2,2025-02-06T21:26:24.000Z,Izumi Ebitsuka,2025-02-06T21:26:24.000Z,Izumi Ebitsuka
377,2025-01-01T00:00:00.000Z,2099-12-31T00:00:00.000Z,0,03-2025:Trails through Daybreak 2:Trails through Daybreak 2 PS4,2025-02-14T00:00:00.000Z,Trails through Daybreak 2,2025-02-06T21:26:41.000Z,Izumi Ebitsuka,2025-02-06T21:26:41.000Z,Izumi Ebitsuka
378,2025-01-01T00:00:00.000Z,2099-12-31T00:00:00.000Z,0,03-2025:Trails through Daybreak 2:Trails through Daybreak 2 PS5,2025-02-14T00:00:00.000Z,Trails through Daybreak 2,2025-02-06T21:27:00.000Z,Izumi Ebitsuka,2025-02-06T21:27:00.000Z,Izumi Ebitsuka
379,2025-03-01T00:00:00.000Z,2099-12-31T00:00:00.000Z,0,03-2025:Trails through Daybreak 2:Trails through Daybreak 2 EPIC,2025-02-14T00:00:00.000Z,Trails through Daybreak 2,2025-04-10T18:02:35.000Z,Izumi Ebitsuka,2025-04-10T18:02:35.000Z,Izumi Ebitsuka
380,2025-03-01T00:00:00.000Z,2099-12-31T00:00:00.000Z,0,03-2025:Trails through Daybreak 2:Trails through Daybreak 2 STEAM,2025-02-14T00:00:00.000Z,Trails through Daybreak 2,2025-04-10T18:03:01.000Z,Izumi Ebitsuka,2025-04-10T18:03:01.000Z,Izumi Ebitsuka
383,2025-05-01T00:00:00.000Z,2099-12-31T00:00:00.000Z,0,Anime:Denpa Onna to Seishun Otoko,2025-06-13T00:00:00.000Z,TBS,2025-06-13T15:54:21.000Z,Akihiro Mizuno,2025-06-13T15:54:21.000Z,Akihiro Mizuno
384,2025-05-01T00:00:00.000Z,2099-12-31T00:00:00.000Z,0,Anime:Eccentric Family,2025-06-13T00:00:00.000Z,YTE,2025-06-13T15:55:37.000Z,Akihiro Mizuno,2025-06-13T15:55:37.000Z,Akihiro Mizuno
385,2025-05-01T00:00:00.000Z,2099-12-31T00:00:00.000Z,0,Anime:Hanasaku Iroha 1,2025-06-13T00:00:00.000Z,YTE,2025-06-13T15:55:54.000Z,Akihiro Mizuno,2025-06-13T15:55:54.000Z,Akihiro Mizuno
386,2025-05-01T00:00:00.000Z,2099-12-31T00:00:00.000Z,0,Anime:Hanasaku Iroha 2,2025-06-13T00:00:00.000Z,YTE,2025-06-13T15:56:15.000Z,Akihiro Mizuno,2025-06-13T15:56:15.000Z,Akihiro Mizuno
387,2025-05-01T00:00:00.000Z,2099-12-31T00:00:00.000Z,0,Anime:Hanasaku Iroha Movie,2025-06-13T00:00:00.000Z,YTE,2025-06-13T15:56:30.000Z,Akihiro Mizuno,2025-06-13T15:56:30.000Z,Akihiro Mizuno